Experiment#,Subject#,phase#,block#,pair type#,accuracy#
Experiment 1 Delay After Phase 2,3048,1,1,overlapping,0.75
Experiment 1 Delay After Phase 2,3048,1,1,unique,0.25
Experiment 1 Delay After Phase 2,3048,1,2,overlapping,1
Experiment 1 Delay After Phase 2,3048,1,2,unique,0.75
Experiment 1 Delay After Phase 2,3048,1,3,overlapping,1
Experiment 1 Delay After Phase 2,3048,1,3,unique,0.75
Experiment 1 Delay After Phase 2,3048,1,4,overlapping,1
Experiment 1 Delay After Phase 2,3048,1,4,unique,1
Experiment 1 Delay After Phase 2,3048,1,5,overlapping,1
Experiment 1 Delay After Phase 2,3048,1,5,unique,1
Experiment 1 Delay After Phase 2,3048,2,1,overlapping,0.75
Experiment 1 Delay After Phase 2,3048,2,1,unique,1
Experiment 1 Delay After Phase 2,3048,2,2,overlapping,0.5
Experiment 1 Delay After Phase 2,3048,2,2,unique,1
Experiment 1 Delay After Phase 2,3048,2,3,overlapping,1
Experiment 1 Delay After Phase 2,3048,2,3,unique,1
Experiment 1 Delay After Phase 2,3048,2,4,overlapping,0.75
Experiment 1 Delay After Phase 2,3048,2,4,unique,0.75
Experiment 1 Delay After Phase 2,3048,2,5,overlapping,1
Experiment 1 Delay After Phase 2,3048,2,5,unique,0.75
Experiment 1 Delay After Phase 2,3048,3,1,overlapping,0.75
Experiment 1 Delay After Phase 2,3048,3,1,unique,0.75
Experiment 1 Delay After Phase 2,3048,3,2,overlapping,1
Experiment 1 Delay After Phase 2,3048,3,2,unique,1
Experiment 1 Delay After Phase 2,3048,3,3,overlapping,1
Experiment 1 Delay After Phase 2,3048,3,3,unique,1
Experiment 1 Delay After Phase 2,3048,3,4,overlapping,1
Experiment 1 Delay After Phase 2,3048,3,4,unique,1
Experiment 1 Delay After Phase 2,3048,3,5,overlapping,1
Experiment 1 Delay After Phase 2,3048,3,5,unique,1
Experiment 1 Delay After Phase 2,3050,1,1,overlapping,0.5
Experiment 1 Delay After Phase 2,3050,1,1,unique,0.75
Experiment 1 Delay After Phase 2,3050,1,2,overlapping,1
Experiment 1 Delay After Phase 2,3050,1,2,unique,0.75
Experiment 1 Delay After Phase 2,3050,1,3,overlapping,1
Experiment 1 Delay After Phase 2,3050,1,3,unique,1
Experiment 1 Delay After Phase 2,3050,1,4,overlapping,1
Experiment 1 Delay After Phase 2,3050,1,4,unique,0.75
Experiment 1 Delay After Phase 2,3050,1,5,overlapping,0.5
Experiment 1 Delay After Phase 2,3050,1,5,unique,0.75
Experiment 1 Delay After Phase 2,3050,2,1,overlapping,0.25
Experiment 1 Delay After Phase 2,3050,2,1,unique,0.5
Experiment 1 Delay After Phase 2,3050,2,2,overlapping,0.5
Experiment 1 Delay After Phase 2,3050,2,2,unique,0.75
Experiment 1 Delay After Phase 2,3050,2,3,overlapping,0.5
Experiment 1 Delay After Phase 2,3050,2,3,unique,0.75
Experiment 1 Delay After Phase 2,3050,2,4,overlapping,0.75
Experiment 1 Delay After Phase 2,3050,2,4,unique,0.75
Experiment 1 Delay After Phase 2,3050,2,5,overlapping,0.75
Experiment 1 Delay After Phase 2,3050,2,5,unique,0.75
Experiment 1 Delay After Phase 2,3050,3,1,overlapping,1
Experiment 1 Delay After Phase 2,3050,3,1,unique,0.75
Experiment 1 Delay After Phase 2,3050,3,2,overlapping,0.75
Experiment 1 Delay After Phase 2,3050,3,2,unique,1
Experiment 1 Delay After Phase 2,3050,3,3,overlapping,0.75
Experiment 1 Delay After Phase 2,3050,3,3,unique,1
Experiment 1 Delay After Phase 2,3050,3,4,overlapping,1
Experiment 1 Delay After Phase 2,3050,3,4,unique,0.5
Experiment 1 Delay After Phase 2,3050,3,5,overlapping,1
Experiment 1 Delay After Phase 2,3050,3,5,unique,0.25
Experiment 1 Delay After Phase 2,3051,1,1,overlapping,0.75
Experiment 1 Delay After Phase 2,3051,1,1,unique,0.5
Experiment 1 Delay After Phase 2,3051,1,2,overlapping,1
Experiment 1 Delay After Phase 2,3051,1,2,unique,0.75
Experiment 1 Delay After Phase 2,3051,1,3,overlapping,1
Experiment 1 Delay After Phase 2,3051,1,3,unique,0.75
Experiment 1 Delay After Phase 2,3051,1,4,overlapping,1
Experiment 1 Delay After Phase 2,3051,1,4,unique,1
Experiment 1 Delay After Phase 2,3051,1,5,overlapping,0.75
Experiment 1 Delay After Phase 2,3051,1,5,unique,1
Experiment 1 Delay After Phase 2,3051,2,1,overlapping,0.25
Experiment 1 Delay After Phase 2,3051,2,1,unique,0.5
Experiment 1 Delay After Phase 2,3051,2,2,overlapping,0.75
Experiment 1 Delay After Phase 2,3051,2,2,unique,0.25
Experiment 1 Delay After Phase 2,3051,2,3,overlapping,0.5
Experiment 1 Delay After Phase 2,3051,2,3,unique,1
Experiment 1 Delay After Phase 2,3051,2,4,overlapping,0.75
Experiment 1 Delay After Phase 2,3051,2,4,unique,1
Experiment 1 Delay After Phase 2,3051,2,5,overlapping,1
Experiment 1 Delay After Phase 2,3051,2,5,unique,1
Experiment 1 Delay After Phase 2,3051,3,1,overlapping,0.75
Experiment 1 Delay After Phase 2,3051,3,1,unique,0.75
Experiment 1 Delay After Phase 2,3051,3,2,overlapping,0.75
Experiment 1 Delay After Phase 2,3051,3,2,unique,1
Experiment 1 Delay After Phase 2,3051,3,3,overlapping,0.75
Experiment 1 Delay After Phase 2,3051,3,3,unique,1
Experiment 1 Delay After Phase 2,3051,3,4,overlapping,1
Experiment 1 Delay After Phase 2,3051,3,4,unique,1
Experiment 1 Delay After Phase 2,3051,3,5,overlapping,1
Experiment 1 Delay After Phase 2,3051,3,5,unique,1
Experiment 1 Delay After Phase 2,3054,1,1,overlapping,0.75
Experiment 1 Delay After Phase 2,3054,1,1,unique,0.75
Experiment 1 Delay After Phase 2,3054,1,2,overlapping,0.75
Experiment 1 Delay After Phase 2,3054,1,2,unique,0.75
Experiment 1 Delay After Phase 2,3054,1,3,overlapping,0.5
Experiment 1 Delay After Phase 2,3054,1,3,unique,0.75
Experiment 1 Delay After Phase 2,3054,1,4,overlapping,0.75
Experiment 1 Delay After Phase 2,3054,1,4,unique,0.25
Experiment 1 Delay After Phase 2,3054,1,5,overlapping,1
Experiment 1 Delay After Phase 2,3054,1,5,unique,1
Experiment 1 Delay After Phase 2,3054,2,1,overlapping,0.25
Experiment 1 Delay After Phase 2,3054,2,1,unique,0.5
Experiment 1 Delay After Phase 2,3054,2,2,overlapping,0.75
Experiment 1 Delay After Phase 2,3054,2,2,unique,1
Experiment 1 Delay After Phase 2,3054,2,3,overlapping,1
Experiment 1 Delay After Phase 2,3054,2,3,unique,1
Experiment 1 Delay After Phase 2,3054,2,4,overlapping,1
Experiment 1 Delay After Phase 2,3054,2,4,unique,1
Experiment 1 Delay After Phase 2,3054,2,5,overlapping,1
Experiment 1 Delay After Phase 2,3054,2,5,unique,1
Experiment 1 Delay After Phase 2,3054,3,1,overlapping,0.5
Experiment 1 Delay After Phase 2,3054,3,1,unique,0.5
Experiment 1 Delay After Phase 2,3054,3,2,overlapping,1
Experiment 1 Delay After Phase 2,3054,3,2,unique,0.75
Experiment 1 Delay After Phase 2,3054,3,3,overlapping,0.75
Experiment 1 Delay After Phase 2,3054,3,3,unique,1
Experiment 1 Delay After Phase 2,3054,3,4,overlapping,1
Experiment 1 Delay After Phase 2,3054,3,4,unique,1
Experiment 1 Delay After Phase 2,3054,3,5,overlapping,1
Experiment 1 Delay After Phase 2,3054,3,5,unique,1
Experiment 1 Delay After Phase 2,3055,1,1,overlapping,0.75
Experiment 1 Delay After Phase 2,3055,1,1,unique,0.5
Experiment 1 Delay After Phase 2,3055,1,2,overlapping,0.75
Experiment 1 Delay After Phase 2,3055,1,2,unique,0.75
Experiment 1 Delay After Phase 2,3055,1,3,overlapping,0.75
Experiment 1 Delay After Phase 2,3055,1,3,unique,1
Experiment 1 Delay After Phase 2,3055,1,4,overlapping,1
Experiment 1 Delay After Phase 2,3055,1,4,unique,1
Experiment 1 Delay After Phase 2,3055,1,5,overlapping,0.75
Experiment 1 Delay After Phase 2,3055,1,5,unique,1
Experiment 1 Delay After Phase 2,3055,2,1,overlapping,0.5
Experiment 1 Delay After Phase 2,3055,2,1,unique,0.25
Experiment 1 Delay After Phase 2,3055,2,2,overlapping,1
Experiment 1 Delay After Phase 2,3055,2,2,unique,1
Experiment 1 Delay After Phase 2,3055,2,3,overlapping,1
Experiment 1 Delay After Phase 2,3055,2,3,unique,0.5
Experiment 1 Delay After Phase 2,3055,2,4,overlapping,1
Experiment 1 Delay After Phase 2,3055,2,4,unique,0.75
Experiment 1 Delay After Phase 2,3055,2,5,overlapping,1
Experiment 1 Delay After Phase 2,3055,2,5,unique,1
Experiment 1 Delay After Phase 2,3055,3,1,overlapping,1
Experiment 1 Delay After Phase 2,3055,3,1,unique,1
Experiment 1 Delay After Phase 2,3055,3,2,overlapping,0.5
Experiment 1 Delay After Phase 2,3055,3,2,unique,0.75
Experiment 1 Delay After Phase 2,3055,3,3,overlapping,1
Experiment 1 Delay After Phase 2,3055,3,3,unique,0.75
Experiment 1 Delay After Phase 2,3055,3,4,overlapping,1
Experiment 1 Delay After Phase 2,3055,3,4,unique,0.75
Experiment 1 Delay After Phase 2,3055,3,5,overlapping,1
Experiment 1 Delay After Phase 2,3055,3,5,unique,1
Experiment 1 Delay After Phase 2,3057,1,1,overlapping,0.75
Experiment 1 Delay After Phase 2,3057,1,1,unique,0.5
Experiment 1 Delay After Phase 2,3057,1,2,overlapping,0.75
Experiment 1 Delay After Phase 2,3057,1,2,unique,0.75
Experiment 1 Delay After Phase 2,3057,1,3,overlapping,0.75
Experiment 1 Delay After Phase 2,3057,1,3,unique,0.75
Experiment 1 Delay After Phase 2,3057,1,4,overlapping,0.75
Experiment 1 Delay After Phase 2,3057,1,4,unique,1
Experiment 1 Delay After Phase 2,3057,1,5,overlapping,0.5
Experiment 1 Delay After Phase 2,3057,1,5,unique,0.75
Experiment 1 Delay After Phase 2,3057,2,1,overlapping,0.5
Experiment 1 Delay After Phase 2,3057,2,1,unique,0.75
Experiment 1 Delay After Phase 2,3057,2,2,overlapping,0.75
Experiment 1 Delay After Phase 2,3057,2,2,unique,0.75
Experiment 1 Delay After Phase 2,3057,2,3,overlapping,0.75
Experiment 1 Delay After Phase 2,3057,2,3,unique,0.25
Experiment 1 Delay After Phase 2,3057,2,4,overlapping,0.75
Experiment 1 Delay After Phase 2,3057,2,4,unique,0.25
Experiment 1 Delay After Phase 2,3057,2,5,overlapping,0.5
Experiment 1 Delay After Phase 2,3057,2,5,unique,0.25
Experiment 1 Delay After Phase 2,3057,3,1,overlapping,0.75
Experiment 1 Delay After Phase 2,3057,3,1,unique,0.75
Experiment 1 Delay After Phase 2,3057,3,2,overlapping,0.75
Experiment 1 Delay After Phase 2,3057,3,2,unique,1
Experiment 1 Delay After Phase 2,3057,3,3,overlapping,0
Experiment 1 Delay After Phase 2,3057,3,3,unique,0.75
Experiment 1 Delay After Phase 2,3057,3,4,overlapping,0.75
Experiment 1 Delay After Phase 2,3057,3,4,unique,0.75
Experiment 1 Delay After Phase 2,3057,3,5,overlapping,0.75
Experiment 1 Delay After Phase 2,3057,3,5,unique,0.5
Experiment 1 Delay After Phase 2,3059,1,1,overlapping,0.25
Experiment 1 Delay After Phase 2,3059,1,1,unique,0.5
Experiment 1 Delay After Phase 2,3059,1,2,overlapping,1
Experiment 1 Delay After Phase 2,3059,1,2,unique,1
Experiment 1 Delay After Phase 2,3059,1,3,overlapping,1
Experiment 1 Delay After Phase 2,3059,1,3,unique,0.75
Experiment 1 Delay After Phase 2,3059,1,4,overlapping,1
Experiment 1 Delay After Phase 2,3059,1,4,unique,0.75
Experiment 1 Delay After Phase 2,3059,1,5,overlapping,1
Experiment 1 Delay After Phase 2,3059,1,5,unique,0.75
Experiment 1 Delay After Phase 2,3059,2,1,overlapping,0.75
Experiment 1 Delay After Phase 2,3059,2,1,unique,0.75
Experiment 1 Delay After Phase 2,3059,2,2,overlapping,0.5
Experiment 1 Delay After Phase 2,3059,2,2,unique,0.75
Experiment 1 Delay After Phase 2,3059,2,3,overlapping,0.75
Experiment 1 Delay After Phase 2,3059,2,3,unique,0.75
Experiment 1 Delay After Phase 2,3059,2,4,overlapping,1
Experiment 1 Delay After Phase 2,3059,2,4,unique,1
Experiment 1 Delay After Phase 2,3059,2,5,overlapping,0.75
Experiment 1 Delay After Phase 2,3059,2,5,unique,0.75
Experiment 1 Delay After Phase 2,3059,3,1,overlapping,0.75
Experiment 1 Delay After Phase 2,3059,3,1,unique,0.75
Experiment 1 Delay After Phase 2,3059,3,2,overlapping,1
Experiment 1 Delay After Phase 2,3059,3,2,unique,0.75
Experiment 1 Delay After Phase 2,3059,3,3,overlapping,0.5
Experiment 1 Delay After Phase 2,3059,3,3,unique,1
Experiment 1 Delay After Phase 2,3059,3,4,overlapping,1
Experiment 1 Delay After Phase 2,3059,3,4,unique,0.75
Experiment 1 Delay After Phase 2,3059,3,5,overlapping,0.75
Experiment 1 Delay After Phase 2,3059,3,5,unique,1
Experiment 1 Delay After Phase 2,3061,1,1,overlapping,0.75
Experiment 1 Delay After Phase 2,3061,1,1,unique,0.25
Experiment 1 Delay After Phase 2,3061,1,2,overlapping,0.75
Experiment 1 Delay After Phase 2,3061,1,2,unique,1
Experiment 1 Delay After Phase 2,3061,1,3,overlapping,0.5
Experiment 1 Delay After Phase 2,3061,1,3,unique,1
Experiment 1 Delay After Phase 2,3061,1,4,overlapping,0.75
Experiment 1 Delay After Phase 2,3061,1,4,unique,1
Experiment 1 Delay After Phase 2,3061,1,5,overlapping,0.75
Experiment 1 Delay After Phase 2,3061,1,5,unique,1
Experiment 1 Delay After Phase 2,3061,2,1,overlapping,0.75
Experiment 1 Delay After Phase 2,3061,2,1,unique,1
Experiment 1 Delay After Phase 2,3061,2,2,overlapping,0.75
Experiment 1 Delay After Phase 2,3061,2,2,unique,1
Experiment 1 Delay After Phase 2,3061,2,3,overlapping,0.75
Experiment 1 Delay After Phase 2,3061,2,3,unique,1
Experiment 1 Delay After Phase 2,3061,2,4,overlapping,1
Experiment 1 Delay After Phase 2,3061,2,4,unique,1
Experiment 1 Delay After Phase 2,3061,2,5,overlapping,1
Experiment 1 Delay After Phase 2,3061,2,5,unique,1
Experiment 1 Delay After Phase 2,3061,3,1,overlapping,1
Experiment 1 Delay After Phase 2,3061,3,1,unique,0.75
Experiment 1 Delay After Phase 2,3061,3,2,overlapping,1
Experiment 1 Delay After Phase 2,3061,3,2,unique,1
Experiment 1 Delay After Phase 2,3061,3,3,overlapping,1
Experiment 1 Delay After Phase 2,3061,3,3,unique,1
Experiment 1 Delay After Phase 2,3061,3,4,overlapping,1
Experiment 1 Delay After Phase 2,3061,3,4,unique,1
Experiment 1 Delay After Phase 2,3061,3,5,overlapping,1
Experiment 1 Delay After Phase 2,3061,3,5,unique,1
Experiment 1 Delay After Phase 2,3062,1,1,overlapping,0.5
Experiment 1 Delay After Phase 2,3062,1,1,unique,1
Experiment 1 Delay After Phase 2,3062,1,2,overlapping,1
Experiment 1 Delay After Phase 2,3062,1,2,unique,0.75
Experiment 1 Delay After Phase 2,3062,1,3,overlapping,1
Experiment 1 Delay After Phase 2,3062,1,3,unique,1
Experiment 1 Delay After Phase 2,3062,1,4,overlapping,1
Experiment 1 Delay After Phase 2,3062,1,4,unique,1
Experiment 1 Delay After Phase 2,3062,1,5,overlapping,0.75
Experiment 1 Delay After Phase 2,3062,1,5,unique,1
Experiment 1 Delay After Phase 2,3062,2,1,overlapping,0.5
Experiment 1 Delay After Phase 2,3062,2,1,unique,0.25
Experiment 1 Delay After Phase 2,3062,2,2,overlapping,0.5
Experiment 1 Delay After Phase 2,3062,2,2,unique,0.5
Experiment 1 Delay After Phase 2,3062,2,3,overlapping,0.75
Experiment 1 Delay After Phase 2,3062,2,3,unique,0.75
Experiment 1 Delay After Phase 2,3062,2,4,overlapping,0.5
Experiment 1 Delay After Phase 2,3062,2,4,unique,0.75
Experiment 1 Delay After Phase 2,3062,2,5,overlapping,0
Experiment 1 Delay After Phase 2,3062,2,5,unique,0.5
Experiment 1 Delay After Phase 2,3062,3,1,overlapping,1
Experiment 1 Delay After Phase 2,3062,3,1,unique,0.75
Experiment 1 Delay After Phase 2,3062,3,2,overlapping,1
Experiment 1 Delay After Phase 2,3062,3,2,unique,1
Experiment 1 Delay After Phase 2,3062,3,3,overlapping,0.75
Experiment 1 Delay After Phase 2,3062,3,3,unique,0.25
Experiment 1 Delay After Phase 2,3062,3,4,overlapping,0.75
Experiment 1 Delay After Phase 2,3062,3,4,unique,0.5
Experiment 1 Delay After Phase 2,3062,3,5,overlapping,0.25
Experiment 1 Delay After Phase 2,3062,3,5,unique,0.75
Experiment 1 Delay After Phase 2,3063,1,1,overlapping,1
Experiment 1 Delay After Phase 2,3063,1,1,unique,0.75
Experiment 1 Delay After Phase 2,3063,1,2,overlapping,1
Experiment 1 Delay After Phase 2,3063,1,2,unique,1
Experiment 1 Delay After Phase 2,3063,1,3,overlapping,0.75
Experiment 1 Delay After Phase 2,3063,1,3,unique,0.75
Experiment 1 Delay After Phase 2,3063,1,4,overlapping,1
Experiment 1 Delay After Phase 2,3063,1,4,unique,1
Experiment 1 Delay After Phase 2,3063,1,5,overlapping,1
Experiment 1 Delay After Phase 2,3063,1,5,unique,1
Experiment 1 Delay After Phase 2,3063,2,1,overlapping,0.5
Experiment 1 Delay After Phase 2,3063,2,1,unique,1
Experiment 1 Delay After Phase 2,3063,2,2,overlapping,0.5
Experiment 1 Delay After Phase 2,3063,2,2,unique,1
Experiment 1 Delay After Phase 2,3063,2,3,overlapping,1
Experiment 1 Delay After Phase 2,3063,2,3,unique,1
Experiment 1 Delay After Phase 2,3063,2,4,overlapping,1
Experiment 1 Delay After Phase 2,3063,2,4,unique,1
Experiment 1 Delay After Phase 2,3063,2,5,overlapping,1
Experiment 1 Delay After Phase 2,3063,2,5,unique,1
Experiment 1 Delay After Phase 2,3063,3,1,overlapping,1
Experiment 1 Delay After Phase 2,3063,3,1,unique,1
Experiment 1 Delay After Phase 2,3063,3,2,overlapping,0.75
Experiment 1 Delay After Phase 2,3063,3,2,unique,0.75
Experiment 1 Delay After Phase 2,3063,3,3,overlapping,0.5
Experiment 1 Delay After Phase 2,3063,3,3,unique,0.25
Experiment 1 Delay After Phase 2,3063,3,4,overlapping,1
Experiment 1 Delay After Phase 2,3063,3,4,unique,1
Experiment 1 Delay After Phase 2,3063,3,5,overlapping,1
Experiment 1 Delay After Phase 2,3063,3,5,unique,0.75
Experiment 1 Delay After Phase 2,3064,1,1,overlapping,0.5
Experiment 1 Delay After Phase 2,3064,1,1,unique,0.75
Experiment 1 Delay After Phase 2,3064,1,2,overlapping,1
Experiment 1 Delay After Phase 2,3064,1,2,unique,1
Experiment 1 Delay After Phase 2,3064,1,3,overlapping,1
Experiment 1 Delay After Phase 2,3064,1,3,unique,1
Experiment 1 Delay After Phase 2,3064,1,4,overlapping,1
Experiment 1 Delay After Phase 2,3064,1,4,unique,1
Experiment 1 Delay After Phase 2,3064,1,5,overlapping,1
Experiment 1 Delay After Phase 2,3064,1,5,unique,1
Experiment 1 Delay After Phase 2,3064,2,1,overlapping,0.5
Experiment 1 Delay After Phase 2,3064,2,1,unique,0.5
Experiment 1 Delay After Phase 2,3064,2,2,overlapping,0.75
Experiment 1 Delay After Phase 2,3064,2,2,unique,1
Experiment 1 Delay After Phase 2,3064,2,3,overlapping,0.75
Experiment 1 Delay After Phase 2,3064,2,3,unique,1
Experiment 1 Delay After Phase 2,3064,2,4,overlapping,1
Experiment 1 Delay After Phase 2,3064,2,4,unique,1
Experiment 1 Delay After Phase 2,3064,2,5,overlapping,1
Experiment 1 Delay After Phase 2,3064,2,5,unique,1
Experiment 1 Delay After Phase 2,3064,3,1,overlapping,0.75
Experiment 1 Delay After Phase 2,3064,3,1,unique,1
Experiment 1 Delay After Phase 2,3064,3,2,overlapping,1
Experiment 1 Delay After Phase 2,3064,3,2,unique,1
Experiment 1 Delay After Phase 2,3064,3,3,overlapping,0.75
Experiment 1 Delay After Phase 2,3064,3,3,unique,1
Experiment 1 Delay After Phase 2,3064,3,4,overlapping,1
Experiment 1 Delay After Phase 2,3064,3,4,unique,0.75
Experiment 1 Delay After Phase 2,3064,3,5,overlapping,1
Experiment 1 Delay After Phase 2,3064,3,5,unique,1
Experiment 1 Delay After Phase 2,3071,1,1,overlapping,0.75
Experiment 1 Delay After Phase 2,3071,1,1,unique,0.5
Experiment 1 Delay After Phase 2,3071,1,2,overlapping,1
Experiment 1 Delay After Phase 2,3071,1,2,unique,0.75
Experiment 1 Delay After Phase 2,3071,1,3,overlapping,0.75
Experiment 1 Delay After Phase 2,3071,1,3,unique,1
Experiment 1 Delay After Phase 2,3071,1,4,overlapping,1
Experiment 1 Delay After Phase 2,3071,1,4,unique,1
Experiment 1 Delay After Phase 2,3071,1,5,overlapping,1
Experiment 1 Delay After Phase 2,3071,1,5,unique,0.75
Experiment 1 Delay After Phase 2,3071,2,1,overlapping,0.75
Experiment 1 Delay After Phase 2,3071,2,1,unique,1
Experiment 1 Delay After Phase 2,3071,2,2,overlapping,0.5
Experiment 1 Delay After Phase 2,3071,2,2,unique,1
Experiment 1 Delay After Phase 2,3071,2,3,overlapping,1
Experiment 1 Delay After Phase 2,3071,2,3,unique,0.75
Experiment 1 Delay After Phase 2,3071,2,4,overlapping,1
Experiment 1 Delay After Phase 2,3071,2,4,unique,1
Experiment 1 Delay After Phase 2,3071,2,5,overlapping,0.5
Experiment 1 Delay After Phase 2,3071,2,5,unique,0.25
Experiment 1 Delay After Phase 2,3071,3,1,overlapping,1
Experiment 1 Delay After Phase 2,3071,3,1,unique,0.75
Experiment 1 Delay After Phase 2,3071,3,2,overlapping,1
Experiment 1 Delay After Phase 2,3071,3,2,unique,0.75
Experiment 1 Delay After Phase 2,3071,3,3,overlapping,0.75
Experiment 1 Delay After Phase 2,3071,3,3,unique,0.5
Experiment 1 Delay After Phase 2,3071,3,4,overlapping,0.75
Experiment 1 Delay After Phase 2,3071,3,4,unique,1
Experiment 1 Delay After Phase 2,3071,3,5,overlapping,0.75
Experiment 1 Delay After Phase 2,3071,3,5,unique,1
Experiment 1 Delay After Phase 2,3074,1,1,overlapping,0.5
Experiment 1 Delay After Phase 2,3074,1,1,unique,0.5
Experiment 1 Delay After Phase 2,3074,1,2,overlapping,1
Experiment 1 Delay After Phase 2,3074,1,2,unique,0.5
Experiment 1 Delay After Phase 2,3074,1,3,overlapping,1
Experiment 1 Delay After Phase 2,3074,1,3,unique,0.5
Experiment 1 Delay After Phase 2,3074,1,4,overlapping,1
Experiment 1 Delay After Phase 2,3074,1,4,unique,0.75
Experiment 1 Delay After Phase 2,3074,1,5,overlapping,1
Experiment 1 Delay After Phase 2,3074,1,5,unique,0.75
Experiment 1 Delay After Phase 2,3074,2,1,overlapping,0.25
Experiment 1 Delay After Phase 2,3074,2,1,unique,0.75
Experiment 1 Delay After Phase 2,3074,2,2,overlapping,0.5
Experiment 1 Delay After Phase 2,3074,2,2,unique,0.75
Experiment 1 Delay After Phase 2,3074,2,3,overlapping,0.5
Experiment 1 Delay After Phase 2,3074,2,3,unique,0.75
Experiment 1 Delay After Phase 2,3074,2,4,overlapping,0.5
Experiment 1 Delay After Phase 2,3074,2,4,unique,0.75
Experiment 1 Delay After Phase 2,3074,2,5,overlapping,0.25
Experiment 1 Delay After Phase 2,3074,2,5,unique,0.75
Experiment 1 Delay After Phase 2,3074,3,1,overlapping,1
Experiment 1 Delay After Phase 2,3074,3,1,unique,0.75
Experiment 1 Delay After Phase 2,3074,3,2,overlapping,0.75
Experiment 1 Delay After Phase 2,3074,3,2,unique,0.75
Experiment 1 Delay After Phase 2,3074,3,3,overlapping,1
Experiment 1 Delay After Phase 2,3074,3,3,unique,0.75
Experiment 1 Delay After Phase 2,3074,3,4,overlapping,1
Experiment 1 Delay After Phase 2,3074,3,4,unique,0.75
Experiment 1 Delay After Phase 2,3074,3,5,overlapping,0.75
Experiment 1 Delay After Phase 2,3074,3,5,unique,1
Experiment 1 Delay After Phase 2,3081,1,1,overlapping,0.75
Experiment 1 Delay After Phase 2,3081,1,1,unique,0.75
Experiment 1 Delay After Phase 2,3081,1,2,overlapping,0.75
Experiment 1 Delay After Phase 2,3081,1,2,unique,0.75
Experiment 1 Delay After Phase 2,3081,1,3,overlapping,1
Experiment 1 Delay After Phase 2,3081,1,3,unique,1
Experiment 1 Delay After Phase 2,3081,1,4,overlapping,0.75
Experiment 1 Delay After Phase 2,3081,1,4,unique,0.75
Experiment 1 Delay After Phase 2,3081,1,5,overlapping,0.5
Experiment 1 Delay After Phase 2,3081,1,5,unique,1
Experiment 1 Delay After Phase 2,3081,2,1,overlapping,0.25
Experiment 1 Delay After Phase 2,3081,2,1,unique,0.5
Experiment 1 Delay After Phase 2,3081,2,2,overlapping,0.5
Experiment 1 Delay After Phase 2,3081,2,2,unique,0.75
Experiment 1 Delay After Phase 2,3081,2,3,overlapping,0.75
Experiment 1 Delay After Phase 2,3081,2,3,unique,1
Experiment 1 Delay After Phase 2,3081,2,4,overlapping,0.25
Experiment 1 Delay After Phase 2,3081,2,4,unique,1
Experiment 1 Delay After Phase 2,3081,2,5,overlapping,0.5
Experiment 1 Delay After Phase 2,3081,2,5,unique,1
Experiment 1 Delay After Phase 2,3081,3,1,overlapping,0.75
Experiment 1 Delay After Phase 2,3081,3,1,unique,0.75
Experiment 1 Delay After Phase 2,3081,3,2,overlapping,0.75
Experiment 1 Delay After Phase 2,3081,3,2,unique,0.75
Experiment 1 Delay After Phase 2,3081,3,3,overlapping,0.75
Experiment 1 Delay After Phase 2,3081,3,3,unique,1
Experiment 1 Delay After Phase 2,3081,3,4,overlapping,1
Experiment 1 Delay After Phase 2,3081,3,4,unique,0.5
Experiment 1 Delay After Phase 2,3081,3,5,overlapping,1
Experiment 1 Delay After Phase 2,3081,3,5,unique,1
Experiment 1 Delay After Phase 2,6028,1,1,overlapping,0.75
Experiment 1 Delay After Phase 2,6028,1,1,unique,0.75
Experiment 1 Delay After Phase 2,6028,1,2,overlapping,0.75
Experiment 1 Delay After Phase 2,6028,1,2,unique,0.75
Experiment 1 Delay After Phase 2,6028,1,3,overlapping,0.75
Experiment 1 Delay After Phase 2,6028,1,3,unique,1
Experiment 1 Delay After Phase 2,6028,1,4,overlapping,1
Experiment 1 Delay After Phase 2,6028,1,4,unique,0.5
Experiment 1 Delay After Phase 2,6028,1,5,overlapping,0.75
Experiment 1 Delay After Phase 2,6028,1,5,unique,1
Experiment 1 Delay After Phase 2,6028,2,1,overlapping,0.25
Experiment 1 Delay After Phase 2,6028,2,1,unique,0.5
Experiment 1 Delay After Phase 2,6028,2,2,overlapping,0.25
Experiment 1 Delay After Phase 2,6028,2,2,unique,1
Experiment 1 Delay After Phase 2,6028,2,3,overlapping,0
Experiment 1 Delay After Phase 2,6028,2,3,unique,1
Experiment 1 Delay After Phase 2,6028,2,4,overlapping,0.5
Experiment 1 Delay After Phase 2,6028,2,4,unique,0.75
Experiment 1 Delay After Phase 2,6028,2,5,overlapping,0.5
Experiment 1 Delay After Phase 2,6028,2,5,unique,0.75
Experiment 1 Delay After Phase 2,6028,3,1,overlapping,0.75
Experiment 1 Delay After Phase 2,6028,3,1,unique,0.5
Experiment 1 Delay After Phase 2,6028,3,2,overlapping,1
Experiment 1 Delay After Phase 2,6028,3,2,unique,0.75
Experiment 1 Delay After Phase 2,6028,3,3,overlapping,1
Experiment 1 Delay After Phase 2,6028,3,3,unique,0.5
Experiment 1 Delay After Phase 2,6028,3,4,overlapping,1
Experiment 1 Delay After Phase 2,6028,3,4,unique,0.5
Experiment 1 Delay After Phase 2,6028,3,5,overlapping,1
Experiment 1 Delay After Phase 2,6028,3,5,unique,0.75
Experiment 1 Delay After Phase 2,9010,1,1,overlapping,0.75
Experiment 1 Delay After Phase 2,9010,1,1,unique,0.75
Experiment 1 Delay After Phase 2,9010,1,2,overlapping,1
Experiment 1 Delay After Phase 2,9010,1,2,unique,1
Experiment 1 Delay After Phase 2,9010,1,3,overlapping,1
Experiment 1 Delay After Phase 2,9010,1,3,unique,1
Experiment 1 Delay After Phase 2,9010,1,4,overlapping,1
Experiment 1 Delay After Phase 2,9010,1,4,unique,0.75
Experiment 1 Delay After Phase 2,9010,1,5,overlapping,1
Experiment 1 Delay After Phase 2,9010,1,5,unique,1
Experiment 1 Delay After Phase 2,9010,2,1,overlapping,0.5
Experiment 1 Delay After Phase 2,9010,2,1,unique,0.5
Experiment 1 Delay After Phase 2,9010,2,2,overlapping,1
Experiment 1 Delay After Phase 2,9010,2,2,unique,0.75
Experiment 1 Delay After Phase 2,9010,2,3,overlapping,1
Experiment 1 Delay After Phase 2,9010,2,3,unique,1
Experiment 1 Delay After Phase 2,9010,2,4,overlapping,1
Experiment 1 Delay After Phase 2,9010,2,4,unique,1
Experiment 1 Delay After Phase 2,9010,2,5,overlapping,1
Experiment 1 Delay After Phase 2,9010,2,5,unique,1
Experiment 1 Delay After Phase 2,9010,3,1,overlapping,1
Experiment 1 Delay After Phase 2,9010,3,1,unique,1
Experiment 1 Delay After Phase 2,9010,3,2,overlapping,1
Experiment 1 Delay After Phase 2,9010,3,2,unique,1
Experiment 1 Delay After Phase 2,9010,3,3,overlapping,1
Experiment 1 Delay After Phase 2,9010,3,3,unique,1
Experiment 1 Delay After Phase 2,9010,3,4,overlapping,1
Experiment 1 Delay After Phase 2,9010,3,4,unique,1
Experiment 1 Delay After Phase 2,9010,3,5,overlapping,1
Experiment 1 Delay After Phase 2,9010,3,5,unique,1
Experiment 1 Delay After Phase 2,9011,1,1,overlapping,0.75
Experiment 1 Delay After Phase 2,9011,1,1,unique,0.75
Experiment 1 Delay After Phase 2,9011,1,2,overlapping,1
Experiment 1 Delay After Phase 2,9011,1,2,unique,1
Experiment 1 Delay After Phase 2,9011,1,3,overlapping,1
Experiment 1 Delay After Phase 2,9011,1,3,unique,1
Experiment 1 Delay After Phase 2,9011,1,4,overlapping,0.75
Experiment 1 Delay After Phase 2,9011,1,4,unique,1
Experiment 1 Delay After Phase 2,9011,1,5,overlapping,1
Experiment 1 Delay After Phase 2,9011,1,5,unique,1
Experiment 1 Delay After Phase 2,9011,2,1,overlapping,0.25
Experiment 1 Delay After Phase 2,9011,2,1,unique,0.75
Experiment 1 Delay After Phase 2,9011,2,2,overlapping,1
Experiment 1 Delay After Phase 2,9011,2,2,unique,1
Experiment 1 Delay After Phase 2,9011,2,3,overlapping,0.75
Experiment 1 Delay After Phase 2,9011,2,3,unique,1
Experiment 1 Delay After Phase 2,9011,2,4,overlapping,1
Experiment 1 Delay After Phase 2,9011,2,4,unique,1
Experiment 1 Delay After Phase 2,9011,2,5,overlapping,0.75
Experiment 1 Delay After Phase 2,9011,2,5,unique,1
Experiment 1 Delay After Phase 2,9011,3,1,overlapping,1
Experiment 1 Delay After Phase 2,9011,3,1,unique,1
Experiment 1 Delay After Phase 2,9011,3,2,overlapping,1
Experiment 1 Delay After Phase 2,9011,3,2,unique,1
Experiment 1 Delay After Phase 2,9011,3,3,overlapping,1
Experiment 1 Delay After Phase 2,9011,3,3,unique,1
Experiment 1 Delay After Phase 2,9011,3,4,overlapping,1
Experiment 1 Delay After Phase 2,9011,3,4,unique,1
Experiment 1 Delay After Phase 2,9011,3,5,overlapping,1
Experiment 1 Delay After Phase 2,9011,3,5,unique,1
Experiment 1 Delay After Phase 2,9013,1,1,overlapping,0.75
Experiment 1 Delay After Phase 2,9013,1,1,unique,1
Experiment 1 Delay After Phase 2,9013,1,2,overlapping,0.75
Experiment 1 Delay After Phase 2,9013,1,2,unique,1
Experiment 1 Delay After Phase 2,9013,1,3,overlapping,1
Experiment 1 Delay After Phase 2,9013,1,3,unique,1
Experiment 1 Delay After Phase 2,9013,1,4,overlapping,1
Experiment 1 Delay After Phase 2,9013,1,4,unique,1
Experiment 1 Delay After Phase 2,9013,1,5,overlapping,1
Experiment 1 Delay After Phase 2,9013,1,5,unique,1
Experiment 1 Delay After Phase 2,9013,2,1,overlapping,0.75
Experiment 1 Delay After Phase 2,9013,2,1,unique,0.75
Experiment 1 Delay After Phase 2,9013,2,2,overlapping,0.5
Experiment 1 Delay After Phase 2,9013,2,2,unique,1
Experiment 1 Delay After Phase 2,9013,2,3,overlapping,0.5
Experiment 1 Delay After Phase 2,9013,2,3,unique,1
Experiment 1 Delay After Phase 2,9013,2,4,overlapping,1
Experiment 1 Delay After Phase 2,9013,2,4,unique,1
Experiment 1 Delay After Phase 2,9013,2,5,overlapping,1
Experiment 1 Delay After Phase 2,9013,2,5,unique,1
Experiment 1 Delay After Phase 2,9013,3,1,overlapping,0.75
Experiment 1 Delay After Phase 2,9013,3,1,unique,1
Experiment 1 Delay After Phase 2,9013,3,2,overlapping,1
Experiment 1 Delay After Phase 2,9013,3,2,unique,1
Experiment 1 Delay After Phase 2,9013,3,3,overlapping,1
Experiment 1 Delay After Phase 2,9013,3,3,unique,1
Experiment 1 Delay After Phase 2,9013,3,4,overlapping,1
Experiment 1 Delay After Phase 2,9013,3,4,unique,1
Experiment 1 Delay After Phase 2,9013,3,5,overlapping,1
Experiment 1 Delay After Phase 2,9013,3,5,unique,1
Experiment 1 Delay After Phase 2,100002,1,1,overlapping,0.75
Experiment 1 Delay After Phase 2,100002,1,1,unique,1
Experiment 1 Delay After Phase 2,100002,1,2,overlapping,1
Experiment 1 Delay After Phase 2,100002,1,2,unique,1
Experiment 1 Delay After Phase 2,100002,1,3,overlapping,1
Experiment 1 Delay After Phase 2,100002,1,3,unique,1
Experiment 1 Delay After Phase 2,100002,1,4,overlapping,1
Experiment 1 Delay After Phase 2,100002,1,4,unique,1
Experiment 1 Delay After Phase 2,100002,1,5,overlapping,1
Experiment 1 Delay After Phase 2,100002,1,5,unique,1
Experiment 1 Delay After Phase 2,100002,2,1,overlapping,0.25
Experiment 1 Delay After Phase 2,100002,2,1,unique,0.5
Experiment 1 Delay After Phase 2,100002,2,2,overlapping,0.5
Experiment 1 Delay After Phase 2,100002,2,2,unique,1
Experiment 1 Delay After Phase 2,100002,2,3,overlapping,0.75
Experiment 1 Delay After Phase 2,100002,2,3,unique,1
Experiment 1 Delay After Phase 2,100002,2,4,overlapping,1
Experiment 1 Delay After Phase 2,100002,2,4,unique,1
Experiment 1 Delay After Phase 2,100002,2,5,overlapping,1
Experiment 1 Delay After Phase 2,100002,2,5,unique,0.75
Experiment 1 Delay After Phase 2,100002,3,1,overlapping,0.75
Experiment 1 Delay After Phase 2,100002,3,1,unique,1
Experiment 1 Delay After Phase 2,100002,3,2,overlapping,1
Experiment 1 Delay After Phase 2,100002,3,2,unique,1
Experiment 1 Delay After Phase 2,100002,3,3,overlapping,1
Experiment 1 Delay After Phase 2,100002,3,3,unique,1
Experiment 1 Delay After Phase 2,100002,3,4,overlapping,1
Experiment 1 Delay After Phase 2,100002,3,4,unique,1
Experiment 1 Delay After Phase 2,100002,3,5,overlapping,1
Experiment 1 Delay After Phase 2,100002,3,5,unique,1
Experiment 1 Delay After Phase 2,100003,1,1,overlapping,0.5
Experiment 1 Delay After Phase 2,100003,1,1,unique,0.5
Experiment 1 Delay After Phase 2,100003,1,2,overlapping,1
Experiment 1 Delay After Phase 2,100003,1,2,unique,0.5
Experiment 1 Delay After Phase 2,100003,1,3,overlapping,0.75
Experiment 1 Delay After Phase 2,100003,1,3,unique,0.75
Experiment 1 Delay After Phase 2,100003,1,4,overlapping,1
Experiment 1 Delay After Phase 2,100003,1,4,unique,1
Experiment 1 Delay After Phase 2,100003,1,5,overlapping,1
Experiment 1 Delay After Phase 2,100003,1,5,unique,1
Experiment 1 Delay After Phase 2,100003,2,1,overlapping,0.75
Experiment 1 Delay After Phase 2,100003,2,1,unique,1
Experiment 1 Delay After Phase 2,100003,2,2,overlapping,1
Experiment 1 Delay After Phase 2,100003,2,2,unique,1
Experiment 1 Delay After Phase 2,100003,2,3,overlapping,1
Experiment 1 Delay After Phase 2,100003,2,3,unique,1
Experiment 1 Delay After Phase 2,100003,2,4,overlapping,1
Experiment 1 Delay After Phase 2,100003,2,4,unique,1
Experiment 1 Delay After Phase 2,100003,2,5,overlapping,1
Experiment 1 Delay After Phase 2,100003,2,5,unique,1
Experiment 1 Delay After Phase 2,100003,3,1,overlapping,0.75
Experiment 1 Delay After Phase 2,100003,3,1,unique,0.75
Experiment 1 Delay After Phase 2,100003,3,2,overlapping,1
Experiment 1 Delay After Phase 2,100003,3,2,unique,1
Experiment 1 Delay After Phase 2,100003,3,3,overlapping,1
Experiment 1 Delay After Phase 2,100003,3,3,unique,1
Experiment 1 Delay After Phase 2,100003,3,4,overlapping,1
Experiment 1 Delay After Phase 2,100003,3,4,unique,1
Experiment 1 Delay After Phase 2,100003,3,5,overlapping,1
Experiment 1 Delay After Phase 2,100003,3,5,unique,1
Experiment 1 Delay After Phase 2,100007,1,1,overlapping,0.75
Experiment 1 Delay After Phase 2,100007,1,1,unique,0.75
Experiment 1 Delay After Phase 2,100007,1,2,overlapping,1
Experiment 1 Delay After Phase 2,100007,1,2,unique,0.75
Experiment 1 Delay After Phase 2,100007,1,3,overlapping,1
Experiment 1 Delay After Phase 2,100007,1,3,unique,1
Experiment 1 Delay After Phase 2,100007,1,4,overlapping,1
Experiment 1 Delay After Phase 2,100007,1,4,unique,1
Experiment 1 Delay After Phase 2,100007,1,5,overlapping,1
Experiment 1 Delay After Phase 2,100007,1,5,unique,1
Experiment 1 Delay After Phase 2,100007,2,1,overlapping,0.5
Experiment 1 Delay After Phase 2,100007,2,1,unique,0.5
Experiment 1 Delay After Phase 2,100007,2,2,overlapping,0.5
Experiment 1 Delay After Phase 2,100007,2,2,unique,0.75
Experiment 1 Delay After Phase 2,100007,2,3,overlapping,0.75
Experiment 1 Delay After Phase 2,100007,2,3,unique,0.75
Experiment 1 Delay After Phase 2,100007,2,4,overlapping,1
Experiment 1 Delay After Phase 2,100007,2,4,unique,1
Experiment 1 Delay After Phase 2,100007,2,5,overlapping,1
Experiment 1 Delay After Phase 2,100007,2,5,unique,1
Experiment 1 Delay After Phase 2,100007,3,1,overlapping,1
Experiment 1 Delay After Phase 2,100007,3,1,unique,0.75
Experiment 1 Delay After Phase 2,100007,3,2,overlapping,1
Experiment 1 Delay After Phase 2,100007,3,2,unique,1
Experiment 1 Delay After Phase 2,100007,3,3,overlapping,1
Experiment 1 Delay After Phase 2,100007,3,3,unique,1
Experiment 1 Delay After Phase 2,100007,3,4,overlapping,1
Experiment 1 Delay After Phase 2,100007,3,4,unique,1
Experiment 1 Delay After Phase 2,100007,3,5,overlapping,1
Experiment 1 Delay After Phase 2,100007,3,5,unique,1
Experiment 1 Delay After Phase 2,100008,1,1,overlapping,0.75
Experiment 1 Delay After Phase 2,100008,1,1,unique,0.5
Experiment 1 Delay After Phase 2,100008,1,2,overlapping,0.75
Experiment 1 Delay After Phase 2,100008,1,2,unique,1
Experiment 1 Delay After Phase 2,100008,1,3,overlapping,1
Experiment 1 Delay After Phase 2,100008,1,3,unique,0.75
Experiment 1 Delay After Phase 2,100008,1,4,overlapping,1
Experiment 1 Delay After Phase 2,100008,1,4,unique,1
Experiment 1 Delay After Phase 2,100008,1,5,overlapping,1
Experiment 1 Delay After Phase 2,100008,1,5,unique,1
Experiment 1 Delay After Phase 2,100008,2,1,overlapping,0.5
Experiment 1 Delay After Phase 2,100008,2,1,unique,0.5
Experiment 1 Delay After Phase 2,100008,2,2,overlapping,0.75
Experiment 1 Delay After Phase 2,100008,2,2,unique,0.75
Experiment 1 Delay After Phase 2,100008,2,3,overlapping,1
Experiment 1 Delay After Phase 2,100008,2,3,unique,1
Experiment 1 Delay After Phase 2,100008,2,4,overlapping,1
Experiment 1 Delay After Phase 2,100008,2,4,unique,1
Experiment 1 Delay After Phase 2,100008,2,5,overlapping,1
Experiment 1 Delay After Phase 2,100008,2,5,unique,1
Experiment 1 Delay After Phase 2,100008,3,1,overlapping,0.75
Experiment 1 Delay After Phase 2,100008,3,1,unique,1
Experiment 1 Delay After Phase 2,100008,3,2,overlapping,1
Experiment 1 Delay After Phase 2,100008,3,2,unique,1
Experiment 1 Delay After Phase 2,100008,3,3,overlapping,1
Experiment 1 Delay After Phase 2,100008,3,3,unique,1
Experiment 1 Delay After Phase 2,100008,3,4,overlapping,1
Experiment 1 Delay After Phase 2,100008,3,4,unique,1
Experiment 1 Delay After Phase 2,100008,3,5,overlapping,1
Experiment 1 Delay After Phase 2,100008,3,5,unique,1
Experiment 1 Delay After Phase 2,100009,1,1,overlapping,0.5
Experiment 1 Delay After Phase 2,100009,1,1,unique,0.5
Experiment 1 Delay After Phase 2,100009,1,2,overlapping,0.75
Experiment 1 Delay After Phase 2,100009,1,2,unique,0.75
Experiment 1 Delay After Phase 2,100009,1,3,overlapping,0.75
Experiment 1 Delay After Phase 2,100009,1,3,unique,0.75
Experiment 1 Delay After Phase 2,100009,1,4,overlapping,0.75
Experiment 1 Delay After Phase 2,100009,1,4,unique,0.75
Experiment 1 Delay After Phase 2,100009,1,5,overlapping,0.75
Experiment 1 Delay After Phase 2,100009,1,5,unique,1
Experiment 1 Delay After Phase 2,100009,2,1,overlapping,0.25
Experiment 1 Delay After Phase 2,100009,2,1,unique,0.5
Experiment 1 Delay After Phase 2,100009,2,2,overlapping,0.75
Experiment 1 Delay After Phase 2,100009,2,2,unique,1
Experiment 1 Delay After Phase 2,100009,2,3,overlapping,0.75
Experiment 1 Delay After Phase 2,100009,2,3,unique,0.75
Experiment 1 Delay After Phase 2,100009,2,4,overlapping,0.75
Experiment 1 Delay After Phase 2,100009,2,4,unique,0.5
Experiment 1 Delay After Phase 2,100009,2,5,overlapping,0.333333333
Experiment 1 Delay After Phase 2,100009,2,5,unique,1
Experiment 1 Delay After Phase 2,100009,3,1,overlapping,0.75
Experiment 1 Delay After Phase 2,100009,3,1,unique,0.5
Experiment 1 Delay After Phase 2,100009,3,2,overlapping,0.5
Experiment 1 Delay After Phase 2,100009,3,2,unique,0.5
Experiment 1 Delay After Phase 2,100009,3,3,overlapping,0.5
Experiment 1 Delay After Phase 2,100009,3,3,unique,0.5
Experiment 1 Delay After Phase 2,100009,3,4,overlapping,0.75
Experiment 1 Delay After Phase 2,100009,3,4,unique,0.75
Experiment 1 Delay After Phase 2,100009,3,5,overlapping,0.75
Experiment 1 Delay After Phase 2,100009,3,5,unique,0.5
Experiment 1 Delay After Phase 2,100011,1,1,overlapping,0.75
Experiment 1 Delay After Phase 2,100011,1,1,unique,0.5
Experiment 1 Delay After Phase 2,100011,1,2,overlapping,1
Experiment 1 Delay After Phase 2,100011,1,2,unique,0.75
Experiment 1 Delay After Phase 2,100011,1,3,overlapping,1
Experiment 1 Delay After Phase 2,100011,1,3,unique,0.75
Experiment 1 Delay After Phase 2,100011,1,4,overlapping,1
Experiment 1 Delay After Phase 2,100011,1,4,unique,1
Experiment 1 Delay After Phase 2,100011,1,5,overlapping,1
Experiment 1 Delay After Phase 2,100011,1,5,unique,1
Experiment 1 Delay After Phase 2,100011,2,1,overlapping,0.5
Experiment 1 Delay After Phase 2,100011,2,1,unique,1
Experiment 1 Delay After Phase 2,100011,2,2,overlapping,0.75
Experiment 1 Delay After Phase 2,100011,2,2,unique,1
Experiment 1 Delay After Phase 2,100011,2,3,overlapping,1
Experiment 1 Delay After Phase 2,100011,2,3,unique,1
Experiment 1 Delay After Phase 2,100011,2,4,overlapping,1
Experiment 1 Delay After Phase 2,100011,2,4,unique,1
Experiment 1 Delay After Phase 2,100011,2,5,overlapping,1
Experiment 1 Delay After Phase 2,100011,2,5,unique,1
Experiment 1 Delay After Phase 2,100011,3,1,overlapping,0.75
Experiment 1 Delay After Phase 2,100011,3,1,unique,1
Experiment 1 Delay After Phase 2,100011,3,2,overlapping,1
Experiment 1 Delay After Phase 2,100011,3,2,unique,1
Experiment 1 Delay After Phase 2,100011,3,3,overlapping,1
Experiment 1 Delay After Phase 2,100011,3,3,unique,1
Experiment 1 Delay After Phase 2,100011,3,4,overlapping,1
Experiment 1 Delay After Phase 2,100011,3,4,unique,0.75
Experiment 1 Delay After Phase 2,100011,3,5,overlapping,1
Experiment 1 Delay After Phase 2,100011,3,5,unique,1
Experiment 1 Delay After Phase 2,900010,1,1,overlapping,0.5
Experiment 1 Delay After Phase 2,900010,1,1,unique,1
Experiment 1 Delay After Phase 2,900010,1,2,overlapping,1
Experiment 1 Delay After Phase 2,900010,1,2,unique,1
Experiment 1 Delay After Phase 2,900010,1,3,overlapping,1
Experiment 1 Delay After Phase 2,900010,1,3,unique,1
Experiment 1 Delay After Phase 2,900010,1,4,overlapping,1
Experiment 1 Delay After Phase 2,900010,1,4,unique,1
Experiment 1 Delay After Phase 2,900010,1,5,overlapping,0.75
Experiment 1 Delay After Phase 2,900010,1,5,unique,0.5
Experiment 1 Delay After Phase 2,900010,2,1,overlapping,0.5
Experiment 1 Delay After Phase 2,900010,2,1,unique,0.5
Experiment 1 Delay After Phase 2,900010,2,2,overlapping,1
Experiment 1 Delay After Phase 2,900010,2,2,unique,0.5
Experiment 1 Delay After Phase 2,900010,2,3,overlapping,1
Experiment 1 Delay After Phase 2,900010,2,3,unique,0.75
Experiment 1 Delay After Phase 2,900010,2,4,overlapping,1
Experiment 1 Delay After Phase 2,900010,2,4,unique,0.75
Experiment 1 Delay After Phase 2,900010,2,5,overlapping,1
Experiment 1 Delay After Phase 2,900010,2,5,unique,1
Experiment 1 Delay After Phase 2,900010,3,1,overlapping,0.75
Experiment 1 Delay After Phase 2,900010,3,1,unique,1
Experiment 1 Delay After Phase 2,900010,3,2,overlapping,1
Experiment 1 Delay After Phase 2,900010,3,2,unique,0.75
Experiment 1 Delay After Phase 2,900010,3,3,overlapping,1
Experiment 1 Delay After Phase 2,900010,3,3,unique,1
Experiment 1 Delay After Phase 2,900010,3,4,overlapping,0.75
Experiment 1 Delay After Phase 2,900010,3,4,unique,1
Experiment 1 Delay After Phase 2,900010,3,5,overlapping,1
Experiment 1 Delay After Phase 2,900010,3,5,unique,1
Experiment 2 Delay After Phase 1,3007,1,1,overlapping,0.75
Experiment 2 Delay After Phase 1,3007,1,1,unique,0.75
Experiment 2 Delay After Phase 1,3007,1,2,overlapping,1
Experiment 2 Delay After Phase 1,3007,1,2,unique,0.5
Experiment 2 Delay After Phase 1,3007,1,3,overlapping,1
Experiment 2 Delay After Phase 1,3007,1,3,unique,0.5
Experiment 2 Delay After Phase 1,3007,1,4,overlapping,1
Experiment 2 Delay After Phase 1,3007,1,4,unique,1
Experiment 2 Delay After Phase 1,3007,1,5,overlapping,1
Experiment 2 Delay After Phase 1,3007,1,5,unique,1
Experiment 2 Delay After Phase 1,3007,2,1,overlapping,0.25
Experiment 2 Delay After Phase 1,3007,2,1,unique,0.5
Experiment 2 Delay After Phase 1,3007,2,2,overlapping,0.75
Experiment 2 Delay After Phase 1,3007,2,2,unique,1
Experiment 2 Delay After Phase 1,3007,2,3,overlapping,0.5
Experiment 2 Delay After Phase 1,3007,2,3,unique,1
Experiment 2 Delay After Phase 1,3007,2,4,overlapping,0.5
Experiment 2 Delay After Phase 1,3007,2,4,unique,1
Experiment 2 Delay After Phase 1,3007,2,5,overlapping,0.5
Experiment 2 Delay After Phase 1,3007,2,5,unique,0.75
Experiment 2 Delay After Phase 1,3007,3,1,overlapping,0.75
Experiment 2 Delay After Phase 1,3007,3,1,unique,0.25
Experiment 2 Delay After Phase 1,3007,3,2,overlapping,0.75
Experiment 2 Delay After Phase 1,3007,3,2,unique,1
Experiment 2 Delay After Phase 1,3007,3,3,overlapping,0.75
Experiment 2 Delay After Phase 1,3007,3,3,unique,1
Experiment 2 Delay After Phase 1,3007,3,4,overlapping,1
Experiment 2 Delay After Phase 1,3007,3,4,unique,1
Experiment 2 Delay After Phase 1,3007,3,5,overlapping,1
Experiment 2 Delay After Phase 1,3007,3,5,unique,0.75
Experiment 2 Delay After Phase 1,3008,1,1,overlapping,0.25
Experiment 2 Delay After Phase 1,3008,1,1,unique,0.25
Experiment 2 Delay After Phase 1,3008,1,2,overlapping,0.75
Experiment 2 Delay After Phase 1,3008,1,2,unique,1
Experiment 2 Delay After Phase 1,3008,1,3,overlapping,0.5
Experiment 2 Delay After Phase 1,3008,1,3,unique,0.5
Experiment 2 Delay After Phase 1,3008,1,4,overlapping,0.5
Experiment 2 Delay After Phase 1,3008,1,4,unique,1
Experiment 2 Delay After Phase 1,3008,1,5,overlapping,0.75
Experiment 2 Delay After Phase 1,3008,1,5,unique,0.75
Experiment 2 Delay After Phase 1,3008,2,1,overlapping,1
Experiment 2 Delay After Phase 1,3008,2,1,unique,0.75
Experiment 2 Delay After Phase 1,3008,2,2,overlapping,0.75
Experiment 2 Delay After Phase 1,3008,2,2,unique,0.5
Experiment 2 Delay After Phase 1,3008,2,3,overlapping,0.25
Experiment 2 Delay After Phase 1,3008,2,3,unique,0.5
Experiment 2 Delay After Phase 1,3008,2,4,overlapping,0.5
Experiment 2 Delay After Phase 1,3008,2,4,unique,1
Experiment 2 Delay After Phase 1,3008,2,5,overlapping,0.75
Experiment 2 Delay After Phase 1,3008,2,5,unique,0.75
Experiment 2 Delay After Phase 1,3008,3,1,overlapping,0.75
Experiment 2 Delay After Phase 1,3008,3,1,unique,0.25
Experiment 2 Delay After Phase 1,3008,3,2,overlapping,0.75
Experiment 2 Delay After Phase 1,3008,3,2,unique,0
Experiment 2 Delay After Phase 1,3008,3,3,overlapping,0.5
Experiment 2 Delay After Phase 1,3008,3,3,unique,0.25
Experiment 2 Delay After Phase 1,3008,3,4,overlapping,0.75
Experiment 2 Delay After Phase 1,3008,3,4,unique,0.75
Experiment 2 Delay After Phase 1,3008,3,5,overlapping,1
Experiment 2 Delay After Phase 1,3008,3,5,unique,0
Experiment 2 Delay After Phase 1,3009,1,1,overlapping,0.75
Experiment 2 Delay After Phase 1,3009,1,1,unique,0.75
Experiment 2 Delay After Phase 1,3009,1,2,overlapping,0.75
Experiment 2 Delay After Phase 1,3009,1,2,unique,0.75
Experiment 2 Delay After Phase 1,3009,1,3,overlapping,1
Experiment 2 Delay After Phase 1,3009,1,3,unique,0.75
Experiment 2 Delay After Phase 1,3009,1,4,overlapping,0.75
Experiment 2 Delay After Phase 1,3009,1,4,unique,1
Experiment 2 Delay After Phase 1,3009,1,5,overlapping,1
Experiment 2 Delay After Phase 1,3009,1,5,unique,0.75
Experiment 2 Delay After Phase 1,3009,2,1,overlapping,0.75
Experiment 2 Delay After Phase 1,3009,2,1,unique,1
Experiment 2 Delay After Phase 1,3009,2,2,overlapping,0.5
Experiment 2 Delay After Phase 1,3009,2,2,unique,0.75
Experiment 2 Delay After Phase 1,3009,2,3,overlapping,0.75
Experiment 2 Delay After Phase 1,3009,2,3,unique,0.5
Experiment 2 Delay After Phase 1,3009,2,4,overlapping,0.5
Experiment 2 Delay After Phase 1,3009,2,4,unique,0.5
Experiment 2 Delay After Phase 1,3009,2,5,overlapping,1
Experiment 2 Delay After Phase 1,3009,2,5,unique,0.75
Experiment 2 Delay After Phase 1,3009,3,1,overlapping,1
Experiment 2 Delay After Phase 1,3009,3,1,unique,1
Experiment 2 Delay After Phase 1,3009,3,2,overlapping,1
Experiment 2 Delay After Phase 1,3009,3,2,unique,1
Experiment 2 Delay After Phase 1,3009,3,3,overlapping,1
Experiment 2 Delay After Phase 1,3009,3,3,unique,1
Experiment 2 Delay After Phase 1,3009,3,4,overlapping,1
Experiment 2 Delay After Phase 1,3009,3,4,unique,1
Experiment 2 Delay After Phase 1,3009,3,5,overlapping,1
Experiment 2 Delay After Phase 1,3009,3,5,unique,1
Experiment 2 Delay After Phase 1,3010,1,1,overlapping,0.75
Experiment 2 Delay After Phase 1,3010,1,1,unique,0.75
Experiment 2 Delay After Phase 1,3010,1,2,overlapping,0.75
Experiment 2 Delay After Phase 1,3010,1,2,unique,0.75
Experiment 2 Delay After Phase 1,3010,1,3,overlapping,0.75
Experiment 2 Delay After Phase 1,3010,1,3,unique,0.75
Experiment 2 Delay After Phase 1,3010,1,4,overlapping,1
Experiment 2 Delay After Phase 1,3010,1,4,unique,1
Experiment 2 Delay After Phase 1,3010,1,5,overlapping,1
Experiment 2 Delay After Phase 1,3010,1,5,unique,1
Experiment 2 Delay After Phase 1,3010,2,1,overlapping,0.25
Experiment 2 Delay After Phase 1,3010,2,1,unique,0.5
Experiment 2 Delay After Phase 1,3010,2,2,overlapping,0.5
Experiment 2 Delay After Phase 1,3010,2,2,unique,1
Experiment 2 Delay After Phase 1,3010,2,3,overlapping,0.25
Experiment 2 Delay After Phase 1,3010,2,3,unique,0.75
Experiment 2 Delay After Phase 1,3010,2,4,overlapping,0.5
Experiment 2 Delay After Phase 1,3010,2,4,unique,1
Experiment 2 Delay After Phase 1,3010,2,5,overlapping,0.5
Experiment 2 Delay After Phase 1,3010,2,5,unique,1
Experiment 2 Delay After Phase 1,3010,3,1,overlapping,1
Experiment 2 Delay After Phase 1,3010,3,1,unique,1
Experiment 2 Delay After Phase 1,3010,3,2,overlapping,0.75
Experiment 2 Delay After Phase 1,3010,3,2,unique,0.75
Experiment 2 Delay After Phase 1,3010,3,3,overlapping,0.5
Experiment 2 Delay After Phase 1,3010,3,3,unique,1
Experiment 2 Delay After Phase 1,3010,3,4,overlapping,0.75
Experiment 2 Delay After Phase 1,3010,3,4,unique,1
Experiment 2 Delay After Phase 1,3010,3,5,overlapping,1
Experiment 2 Delay After Phase 1,3010,3,5,unique,1
Experiment 2 Delay After Phase 1,3013,1,1,overlapping,0.75
Experiment 2 Delay After Phase 1,3013,1,1,unique,0.75
Experiment 2 Delay After Phase 1,3013,1,2,overlapping,1
Experiment 2 Delay After Phase 1,3013,1,2,unique,1
Experiment 2 Delay After Phase 1,3013,1,3,overlapping,1
Experiment 2 Delay After Phase 1,3013,1,3,unique,1
Experiment 2 Delay After Phase 1,3013,1,4,overlapping,1
Experiment 2 Delay After Phase 1,3013,1,4,unique,1
Experiment 2 Delay After Phase 1,3013,1,5,overlapping,1
Experiment 2 Delay After Phase 1,3013,1,5,unique,1
Experiment 2 Delay After Phase 1,3013,2,1,overlapping,0.75
Experiment 2 Delay After Phase 1,3013,2,1,unique,1
Experiment 2 Delay After Phase 1,3013,2,2,overlapping,1
Experiment 2 Delay After Phase 1,3013,2,2,unique,0.75
Experiment 2 Delay After Phase 1,3013,2,3,overlapping,1
Experiment 2 Delay After Phase 1,3013,2,3,unique,1
Experiment 2 Delay After Phase 1,3013,2,4,overlapping,1
Experiment 2 Delay After Phase 1,3013,2,4,unique,1
Experiment 2 Delay After Phase 1,3013,2,5,overlapping,1
Experiment 2 Delay After Phase 1,3013,2,5,unique,1
Experiment 2 Delay After Phase 1,3013,3,1,overlapping,1
Experiment 2 Delay After Phase 1,3013,3,1,unique,0.75
Experiment 2 Delay After Phase 1,3013,3,2,overlapping,1
Experiment 2 Delay After Phase 1,3013,3,2,unique,1
Experiment 2 Delay After Phase 1,3013,3,3,overlapping,0.75
Experiment 2 Delay After Phase 1,3013,3,3,unique,1
Experiment 2 Delay After Phase 1,3013,3,4,overlapping,0.75
Experiment 2 Delay After Phase 1,3013,3,4,unique,1
Experiment 2 Delay After Phase 1,3013,3,5,overlapping,1
Experiment 2 Delay After Phase 1,3013,3,5,unique,1
Experiment 2 Delay After Phase 1,3016,1,1,overlapping,0.75
Experiment 2 Delay After Phase 1,3016,1,1,unique,0.5
Experiment 2 Delay After Phase 1,3016,1,2,overlapping,0.75
Experiment 2 Delay After Phase 1,3016,1,2,unique,1
Experiment 2 Delay After Phase 1,3016,1,3,overlapping,0.75
Experiment 2 Delay After Phase 1,3016,1,3,unique,1
Experiment 2 Delay After Phase 1,3016,1,4,overlapping,1
Experiment 2 Delay After Phase 1,3016,1,4,unique,1
Experiment 2 Delay After Phase 1,3016,1,5,overlapping,1
Experiment 2 Delay After Phase 1,3016,1,5,unique,1
Experiment 2 Delay After Phase 1,3016,2,1,overlapping,0.75
Experiment 2 Delay After Phase 1,3016,2,1,unique,0.75
Experiment 2 Delay After Phase 1,3016,2,2,overlapping,1
Experiment 2 Delay After Phase 1,3016,2,2,unique,0.75
Experiment 2 Delay After Phase 1,3016,2,3,overlapping,1
Experiment 2 Delay After Phase 1,3016,2,3,unique,0.75
Experiment 2 Delay After Phase 1,3016,2,4,overlapping,1
Experiment 2 Delay After Phase 1,3016,2,4,unique,0.75
Experiment 2 Delay After Phase 1,3016,2,5,overlapping,0.75
Experiment 2 Delay After Phase 1,3016,2,5,unique,1
Experiment 2 Delay After Phase 1,3016,3,1,overlapping,0.75
Experiment 2 Delay After Phase 1,3016,3,1,unique,1
Experiment 2 Delay After Phase 1,3016,3,2,overlapping,0.75
Experiment 2 Delay After Phase 1,3016,3,2,unique,1
Experiment 2 Delay After Phase 1,3016,3,3,overlapping,1
Experiment 2 Delay After Phase 1,3016,3,3,unique,1
Experiment 2 Delay After Phase 1,3016,3,4,overlapping,1
Experiment 2 Delay After Phase 1,3016,3,4,unique,1
Experiment 2 Delay After Phase 1,3016,3,5,overlapping,1
Experiment 2 Delay After Phase 1,3016,3,5,unique,1
Experiment 2 Delay After Phase 1,3017,1,1,overlapping,1
Experiment 2 Delay After Phase 1,3017,1,1,unique,0.75
Experiment 2 Delay After Phase 1,3017,1,2,overlapping,1
Experiment 2 Delay After Phase 1,3017,1,2,unique,1
Experiment 2 Delay After Phase 1,3017,1,3,overlapping,1
Experiment 2 Delay After Phase 1,3017,1,3,unique,1
Experiment 2 Delay After Phase 1,3017,1,4,overlapping,1
Experiment 2 Delay After Phase 1,3017,1,4,unique,1
Experiment 2 Delay After Phase 1,3017,1,5,overlapping,1
Experiment 2 Delay After Phase 1,3017,1,5,unique,1
Experiment 2 Delay After Phase 1,3017,2,1,overlapping,0.5
Experiment 2 Delay After Phase 1,3017,2,1,unique,0.75
Experiment 2 Delay After Phase 1,3017,2,2,overlapping,1
Experiment 2 Delay After Phase 1,3017,2,2,unique,1
Experiment 2 Delay After Phase 1,3017,2,3,overlapping,1
Experiment 2 Delay After Phase 1,3017,2,3,unique,1
Experiment 2 Delay After Phase 1,3017,2,4,overlapping,1
Experiment 2 Delay After Phase 1,3017,2,4,unique,1
Experiment 2 Delay After Phase 1,3017,2,5,overlapping,1
Experiment 2 Delay After Phase 1,3017,2,5,unique,1
Experiment 2 Delay After Phase 1,3017,3,1,overlapping,1
Experiment 2 Delay After Phase 1,3017,3,1,unique,1
Experiment 2 Delay After Phase 1,3017,3,2,overlapping,1
Experiment 2 Delay After Phase 1,3017,3,2,unique,0.75
Experiment 2 Delay After Phase 1,3017,3,3,overlapping,1
Experiment 2 Delay After Phase 1,3017,3,3,unique,1
Experiment 2 Delay After Phase 1,3017,3,4,overlapping,1
Experiment 2 Delay After Phase 1,3017,3,4,unique,1
Experiment 2 Delay After Phase 1,3017,3,5,overlapping,0.75
Experiment 2 Delay After Phase 1,3017,3,5,unique,1
Experiment 2 Delay After Phase 1,3018,1,1,overlapping,0.75
Experiment 2 Delay After Phase 1,3018,1,1,unique,0.75
Experiment 2 Delay After Phase 1,3018,1,2,overlapping,0.75
Experiment 2 Delay After Phase 1,3018,1,2,unique,1
Experiment 2 Delay After Phase 1,3018,1,3,overlapping,1
Experiment 2 Delay After Phase 1,3018,1,3,unique,1
Experiment 2 Delay After Phase 1,3018,1,4,overlapping,1
Experiment 2 Delay After Phase 1,3018,1,4,unique,1
Experiment 2 Delay After Phase 1,3018,1,5,overlapping,1
Experiment 2 Delay After Phase 1,3018,1,5,unique,1
Experiment 2 Delay After Phase 1,3018,2,1,overlapping,0.25
Experiment 2 Delay After Phase 1,3018,2,1,unique,0.25
Experiment 2 Delay After Phase 1,3018,2,2,overlapping,1
Experiment 2 Delay After Phase 1,3018,2,2,unique,0.75
Experiment 2 Delay After Phase 1,3018,2,3,overlapping,1
Experiment 2 Delay After Phase 1,3018,2,3,unique,1
Experiment 2 Delay After Phase 1,3018,2,4,overlapping,1
Experiment 2 Delay After Phase 1,3018,2,4,unique,1
Experiment 2 Delay After Phase 1,3018,2,5,overlapping,1
Experiment 2 Delay After Phase 1,3018,2,5,unique,1
Experiment 2 Delay After Phase 1,3018,3,1,overlapping,1
Experiment 2 Delay After Phase 1,3018,3,1,unique,1
Experiment 2 Delay After Phase 1,3018,3,2,overlapping,1
Experiment 2 Delay After Phase 1,3018,3,2,unique,1
Experiment 2 Delay After Phase 1,3018,3,3,overlapping,1
Experiment 2 Delay After Phase 1,3018,3,3,unique,1
Experiment 2 Delay After Phase 1,3018,3,4,overlapping,1
Experiment 2 Delay After Phase 1,3018,3,4,unique,1
Experiment 2 Delay After Phase 1,3018,3,5,overlapping,1
Experiment 2 Delay After Phase 1,3018,3,5,unique,1
Experiment 2 Delay After Phase 1,3019,1,1,overlapping,1
Experiment 2 Delay After Phase 1,3019,1,1,unique,1
Experiment 2 Delay After Phase 1,3019,1,2,overlapping,0.75
Experiment 2 Delay After Phase 1,3019,1,2,unique,1
Experiment 2 Delay After Phase 1,3019,1,3,overlapping,0.5
Experiment 2 Delay After Phase 1,3019,1,3,unique,0.75
Experiment 2 Delay After Phase 1,3019,1,4,overlapping,0.75
Experiment 2 Delay After Phase 1,3019,1,4,unique,1
Experiment 2 Delay After Phase 1,3019,1,5,overlapping,0.75
Experiment 2 Delay After Phase 1,3019,1,5,unique,0.75
Experiment 2 Delay After Phase 1,3019,2,1,overlapping,0.75
Experiment 2 Delay After Phase 1,3019,2,1,unique,0.5
Experiment 2 Delay After Phase 1,3019,2,2,overlapping,0.75
Experiment 2 Delay After Phase 1,3019,2,2,unique,1
Experiment 2 Delay After Phase 1,3019,2,3,overlapping,0.75
Experiment 2 Delay After Phase 1,3019,2,3,unique,1
Experiment 2 Delay After Phase 1,3019,2,4,overlapping,0.5
Experiment 2 Delay After Phase 1,3019,2,4,unique,1
Experiment 2 Delay After Phase 1,3019,2,5,overlapping,1
Experiment 2 Delay After Phase 1,3019,2,5,unique,1
Experiment 2 Delay After Phase 1,3019,3,1,overlapping,0.5
Experiment 2 Delay After Phase 1,3019,3,1,unique,1
Experiment 2 Delay After Phase 1,3019,3,2,overlapping,0.75
Experiment 2 Delay After Phase 1,3019,3,2,unique,1
Experiment 2 Delay After Phase 1,3019,3,3,overlapping,1
Experiment 2 Delay After Phase 1,3019,3,3,unique,1
Experiment 2 Delay After Phase 1,3019,3,4,overlapping,1
Experiment 2 Delay After Phase 1,3019,3,4,unique,0.75
Experiment 2 Delay After Phase 1,3019,3,5,overlapping,1
Experiment 2 Delay After Phase 1,3019,3,5,unique,1
Experiment 2 Delay After Phase 1,3021,1,1,overlapping,0.75
Experiment 2 Delay After Phase 1,3021,1,1,unique,0.5
Experiment 2 Delay After Phase 1,3021,1,2,overlapping,1
Experiment 2 Delay After Phase 1,3021,1,2,unique,0.5
Experiment 2 Delay After Phase 1,3021,1,3,overlapping,1
Experiment 2 Delay After Phase 1,3021,1,3,unique,1
Experiment 2 Delay After Phase 1,3021,1,4,overlapping,1
Experiment 2 Delay After Phase 1,3021,1,4,unique,1
Experiment 2 Delay After Phase 1,3021,1,5,overlapping,1
Experiment 2 Delay After Phase 1,3021,1,5,unique,0.75
Experiment 2 Delay After Phase 1,3021,2,1,overlapping,0.5
Experiment 2 Delay After Phase 1,3021,2,1,unique,0.75
Experiment 2 Delay After Phase 1,3021,2,2,overlapping,0.5
Experiment 2 Delay After Phase 1,3021,2,2,unique,0.75
Experiment 2 Delay After Phase 1,3021,2,3,overlapping,0.5
Experiment 2 Delay After Phase 1,3021,2,3,unique,0.75
Experiment 2 Delay After Phase 1,3021,2,4,overlapping,0.75
Experiment 2 Delay After Phase 1,3021,2,4,unique,1
Experiment 2 Delay After Phase 1,3021,2,5,overlapping,0.75
Experiment 2 Delay After Phase 1,3021,2,5,unique,1
Experiment 2 Delay After Phase 1,3021,3,1,overlapping,0.5
Experiment 2 Delay After Phase 1,3021,3,1,unique,0.75
Experiment 2 Delay After Phase 1,3021,3,2,overlapping,0.75
Experiment 2 Delay After Phase 1,3021,3,2,unique,0.75
Experiment 2 Delay After Phase 1,3021,3,3,overlapping,0.75
Experiment 2 Delay After Phase 1,3021,3,3,unique,1
Experiment 2 Delay After Phase 1,3021,3,4,overlapping,1
Experiment 2 Delay After Phase 1,3021,3,4,unique,0.75
Experiment 2 Delay After Phase 1,3021,3,5,overlapping,1
Experiment 2 Delay After Phase 1,3021,3,5,unique,1
Experiment 2 Delay After Phase 1,3022,1,1,overlapping,0.25
Experiment 2 Delay After Phase 1,3022,1,1,unique,0.25
Experiment 2 Delay After Phase 1,3022,1,2,overlapping,0.75
Experiment 2 Delay After Phase 1,3022,1,2,unique,0.75
Experiment 2 Delay After Phase 1,3022,1,3,overlapping,1
Experiment 2 Delay After Phase 1,3022,1,3,unique,0.5
Experiment 2 Delay After Phase 1,3022,1,4,overlapping,1
Experiment 2 Delay After Phase 1,3022,1,4,unique,0.75
Experiment 2 Delay After Phase 1,3022,1,5,overlapping,1
Experiment 2 Delay After Phase 1,3022,1,5,unique,1
Experiment 2 Delay After Phase 1,3022,2,1,overlapping,0.5
Experiment 2 Delay After Phase 1,3022,2,1,unique,0.75
Experiment 2 Delay After Phase 1,3022,2,2,overlapping,0.5
Experiment 2 Delay After Phase 1,3022,2,2,unique,1
Experiment 2 Delay After Phase 1,3022,2,3,overlapping,0.75
Experiment 2 Delay After Phase 1,3022,2,3,unique,1
Experiment 2 Delay After Phase 1,3022,2,4,overlapping,1
Experiment 2 Delay After Phase 1,3022,2,4,unique,1
Experiment 2 Delay After Phase 1,3022,2,5,overlapping,1
Experiment 2 Delay After Phase 1,3022,2,5,unique,0.75
Experiment 2 Delay After Phase 1,3022,3,1,overlapping,0.5
Experiment 2 Delay After Phase 1,3022,3,1,unique,0.5
Experiment 2 Delay After Phase 1,3022,3,2,overlapping,0.75
Experiment 2 Delay After Phase 1,3022,3,2,unique,1
Experiment 2 Delay After Phase 1,3022,3,3,overlapping,1
Experiment 2 Delay After Phase 1,3022,3,3,unique,1
Experiment 2 Delay After Phase 1,3022,3,4,overlapping,0.5
Experiment 2 Delay After Phase 1,3022,3,4,unique,1
Experiment 2 Delay After Phase 1,3022,3,5,overlapping,0.75
Experiment 2 Delay After Phase 1,3022,3,5,unique,1
Experiment 2 Delay After Phase 1,3024,1,1,overlapping,0.5
Experiment 2 Delay After Phase 1,3024,1,1,unique,0.5
Experiment 2 Delay After Phase 1,3024,1,2,overlapping,1
Experiment 2 Delay After Phase 1,3024,1,2,unique,0.75
Experiment 2 Delay After Phase 1,3024,1,3,overlapping,1
Experiment 2 Delay After Phase 1,3024,1,3,unique,0.75
Experiment 2 Delay After Phase 1,3024,1,4,overlapping,1
Experiment 2 Delay After Phase 1,3024,1,4,unique,1
Experiment 2 Delay After Phase 1,3024,1,5,overlapping,1
Experiment 2 Delay After Phase 1,3024,1,5,unique,0.5
Experiment 2 Delay After Phase 1,3024,2,1,overlapping,0.25
Experiment 2 Delay After Phase 1,3024,2,1,unique,0.5
Experiment 2 Delay After Phase 1,3024,2,2,overlapping,0.75
Experiment 2 Delay After Phase 1,3024,2,2,unique,0.75
Experiment 2 Delay After Phase 1,3024,2,3,overlapping,1
Experiment 2 Delay After Phase 1,3024,2,3,unique,0.5
Experiment 2 Delay After Phase 1,3024,2,4,overlapping,0.75
Experiment 2 Delay After Phase 1,3024,2,4,unique,1
Experiment 2 Delay After Phase 1,3024,2,5,overlapping,1
Experiment 2 Delay After Phase 1,3024,2,5,unique,1
Experiment 2 Delay After Phase 1,3024,3,1,overlapping,0.75
Experiment 2 Delay After Phase 1,3024,3,1,unique,0.5
Experiment 2 Delay After Phase 1,3024,3,2,overlapping,1
Experiment 2 Delay After Phase 1,3024,3,2,unique,1
Experiment 2 Delay After Phase 1,3024,3,3,overlapping,1
Experiment 2 Delay After Phase 1,3024,3,3,unique,1
Experiment 2 Delay After Phase 1,3024,3,4,overlapping,0.75
Experiment 2 Delay After Phase 1,3024,3,4,unique,0.75
Experiment 2 Delay After Phase 1,3024,3,5,overlapping,0.75
Experiment 2 Delay After Phase 1,3024,3,5,unique,0.75
Experiment 2 Delay After Phase 1,3025,1,1,overlapping,0.5
Experiment 2 Delay After Phase 1,3025,1,1,unique,0.5
Experiment 2 Delay After Phase 1,3025,1,2,overlapping,0.75
Experiment 2 Delay After Phase 1,3025,1,2,unique,0.25
Experiment 2 Delay After Phase 1,3025,1,3,overlapping,1
Experiment 2 Delay After Phase 1,3025,1,3,unique,0.5
Experiment 2 Delay After Phase 1,3025,1,4,overlapping,0.75
Experiment 2 Delay After Phase 1,3025,1,4,unique,0.75
Experiment 2 Delay After Phase 1,3025,1,5,overlapping,0.75
Experiment 2 Delay After Phase 1,3025,1,5,unique,1
Experiment 2 Delay After Phase 1,3025,2,1,overlapping,0.5
Experiment 2 Delay After Phase 1,3025,2,1,unique,0.75
Experiment 2 Delay After Phase 1,3025,2,2,overlapping,0.5
Experiment 2 Delay After Phase 1,3025,2,2,unique,0.75
Experiment 2 Delay After Phase 1,3025,2,3,overlapping,0.75
Experiment 2 Delay After Phase 1,3025,2,3,unique,1
Experiment 2 Delay After Phase 1,3025,2,4,overlapping,0.75
Experiment 2 Delay After Phase 1,3025,2,4,unique,0.5
Experiment 2 Delay After Phase 1,3025,2,5,overlapping,0.5
Experiment 2 Delay After Phase 1,3025,2,5,unique,1
Experiment 2 Delay After Phase 1,3025,3,1,overlapping,0.5
Experiment 2 Delay After Phase 1,3025,3,1,unique,0.5
Experiment 2 Delay After Phase 1,3025,3,2,overlapping,0.75
Experiment 2 Delay After Phase 1,3025,3,2,unique,0.25
Experiment 2 Delay After Phase 1,3025,3,3,overlapping,0.5
Experiment 2 Delay After Phase 1,3025,3,3,unique,1
Experiment 2 Delay After Phase 1,3025,3,4,overlapping,0.5
Experiment 2 Delay After Phase 1,3025,3,4,unique,0.75
Experiment 2 Delay After Phase 1,3025,3,5,overlapping,0.75
Experiment 2 Delay After Phase 1,3025,3,5,unique,1
Experiment 2 Delay After Phase 1,3026,1,1,overlapping,0.5
Experiment 2 Delay After Phase 1,3026,1,1,unique,0.75
Experiment 2 Delay After Phase 1,3026,1,2,overlapping,1
Experiment 2 Delay After Phase 1,3026,1,2,unique,1
Experiment 2 Delay After Phase 1,3026,1,3,overlapping,0.5
Experiment 2 Delay After Phase 1,3026,1,3,unique,1
Experiment 2 Delay After Phase 1,3026,1,4,overlapping,1
Experiment 2 Delay After Phase 1,3026,1,4,unique,1
Experiment 2 Delay After Phase 1,3026,1,5,overlapping,1
Experiment 2 Delay After Phase 1,3026,1,5,unique,1
Experiment 2 Delay After Phase 1,3026,2,1,overlapping,0.75
Experiment 2 Delay After Phase 1,3026,2,1,unique,0.75
Experiment 2 Delay After Phase 1,3026,2,2,overlapping,0.75
Experiment 2 Delay After Phase 1,3026,2,2,unique,1
Experiment 2 Delay After Phase 1,3026,2,3,overlapping,1
Experiment 2 Delay After Phase 1,3026,2,3,unique,1
Experiment 2 Delay After Phase 1,3026,2,4,overlapping,1
Experiment 2 Delay After Phase 1,3026,2,4,unique,1
Experiment 2 Delay After Phase 1,3026,2,5,overlapping,1
Experiment 2 Delay After Phase 1,3026,2,5,unique,1
Experiment 2 Delay After Phase 1,3026,3,1,overlapping,0.5
Experiment 2 Delay After Phase 1,3026,3,1,unique,0.75
Experiment 2 Delay After Phase 1,3026,3,2,overlapping,1
Experiment 2 Delay After Phase 1,3026,3,2,unique,1
Experiment 2 Delay After Phase 1,3026,3,3,overlapping,1
Experiment 2 Delay After Phase 1,3026,3,3,unique,1
Experiment 2 Delay After Phase 1,3026,3,4,overlapping,1
Experiment 2 Delay After Phase 1,3026,3,4,unique,1
Experiment 2 Delay After Phase 1,3026,3,5,overlapping,1
Experiment 2 Delay After Phase 1,3026,3,5,unique,1
Experiment 2 Delay After Phase 1,3028,1,1,overlapping,0.25
Experiment 2 Delay After Phase 1,3028,1,1,unique,0.5
Experiment 2 Delay After Phase 1,3028,1,2,overlapping,0.75
Experiment 2 Delay After Phase 1,3028,1,2,unique,1
Experiment 2 Delay After Phase 1,3028,1,3,overlapping,0.75
Experiment 2 Delay After Phase 1,3028,1,3,unique,1
Experiment 2 Delay After Phase 1,3028,1,4,overlapping,1
Experiment 2 Delay After Phase 1,3028,1,4,unique,0.75
Experiment 2 Delay After Phase 1,3028,1,5,overlapping,1
Experiment 2 Delay After Phase 1,3028,1,5,unique,1
Experiment 2 Delay After Phase 1,3028,2,1,overlapping,0.25
Experiment 2 Delay After Phase 1,3028,2,1,unique,1
Experiment 2 Delay After Phase 1,3028,2,2,overlapping,1
Experiment 2 Delay After Phase 1,3028,2,2,unique,1
Experiment 2 Delay After Phase 1,3028,2,3,overlapping,0.75
Experiment 2 Delay After Phase 1,3028,2,3,unique,1
Experiment 2 Delay After Phase 1,3028,2,4,overlapping,1
Experiment 2 Delay After Phase 1,3028,2,4,unique,1
Experiment 2 Delay After Phase 1,3028,2,5,overlapping,1
Experiment 2 Delay After Phase 1,3028,2,5,unique,0.75
Experiment 2 Delay After Phase 1,3028,3,1,overlapping,0.5
Experiment 2 Delay After Phase 1,3028,3,1,unique,0.5
Experiment 2 Delay After Phase 1,3028,3,2,overlapping,1
Experiment 2 Delay After Phase 1,3028,3,2,unique,0.75
Experiment 2 Delay After Phase 1,3028,3,3,overlapping,1
Experiment 2 Delay After Phase 1,3028,3,3,unique,1
Experiment 2 Delay After Phase 1,3028,3,4,overlapping,0.75
Experiment 2 Delay After Phase 1,3028,3,4,unique,1
Experiment 2 Delay After Phase 1,3028,3,5,overlapping,1
Experiment 2 Delay After Phase 1,3028,3,5,unique,1
Experiment 2 Delay After Phase 1,3029,1,1,overlapping,0.75
Experiment 2 Delay After Phase 1,3029,1,1,unique,0.75
Experiment 2 Delay After Phase 1,3029,1,2,overlapping,0.75
Experiment 2 Delay After Phase 1,3029,1,2,unique,0.75
Experiment 2 Delay After Phase 1,3029,1,3,overlapping,0.75
Experiment 2 Delay After Phase 1,3029,1,3,unique,1
Experiment 2 Delay After Phase 1,3029,1,4,overlapping,0.5
Experiment 2 Delay After Phase 1,3029,1,4,unique,1
Experiment 2 Delay After Phase 1,3029,1,5,overlapping,0.75
Experiment 2 Delay After Phase 1,3029,1,5,unique,1
Experiment 2 Delay After Phase 1,3029,2,1,overlapping,1
Experiment 2 Delay After Phase 1,3029,2,1,unique,1
Experiment 2 Delay After Phase 1,3029,2,2,overlapping,0.5
Experiment 2 Delay After Phase 1,3029,2,2,unique,0.75
Experiment 2 Delay After Phase 1,3029,2,3,overlapping,0.75
Experiment 2 Delay After Phase 1,3029,2,3,unique,0.75
Experiment 2 Delay After Phase 1,3029,2,4,overlapping,0.5
Experiment 2 Delay After Phase 1,3029,2,4,unique,0.75
Experiment 2 Delay After Phase 1,3029,2,5,overlapping,1
Experiment 2 Delay After Phase 1,3029,2,5,unique,0.5
Experiment 2 Delay After Phase 1,3029,3,1,overlapping,0.5
Experiment 2 Delay After Phase 1,3029,3,1,unique,0.5
Experiment 2 Delay After Phase 1,3029,3,2,overlapping,0.25
Experiment 2 Delay After Phase 1,3029,3,2,unique,0.75
Experiment 2 Delay After Phase 1,3029,3,3,overlapping,0.5
Experiment 2 Delay After Phase 1,3029,3,3,unique,1
Experiment 2 Delay After Phase 1,3029,3,4,overlapping,0.5
Experiment 2 Delay After Phase 1,3029,3,4,unique,1
Experiment 2 Delay After Phase 1,3029,3,5,overlapping,0.5
Experiment 2 Delay After Phase 1,3029,3,5,unique,1
Experiment 2 Delay After Phase 1,3030,1,1,overlapping,0.5
Experiment 2 Delay After Phase 1,3030,1,1,unique,0.75
Experiment 2 Delay After Phase 1,3030,1,2,overlapping,0.75
Experiment 2 Delay After Phase 1,3030,1,2,unique,1
Experiment 2 Delay After Phase 1,3030,1,3,overlapping,1
Experiment 2 Delay After Phase 1,3030,1,3,unique,1
Experiment 2 Delay After Phase 1,3030,1,4,overlapping,0.75
Experiment 2 Delay After Phase 1,3030,1,4,unique,1
Experiment 2 Delay After Phase 1,3030,1,5,overlapping,1
Experiment 2 Delay After Phase 1,3030,1,5,unique,0.75
Experiment 2 Delay After Phase 1,3030,2,1,overlapping,0.5
Experiment 2 Delay After Phase 1,3030,2,1,unique,0.75
Experiment 2 Delay After Phase 1,3030,2,2,overlapping,1
Experiment 2 Delay After Phase 1,3030,2,2,unique,1
Experiment 2 Delay After Phase 1,3030,2,3,overlapping,1
Experiment 2 Delay After Phase 1,3030,2,3,unique,1
Experiment 2 Delay After Phase 1,3030,2,4,overlapping,1
Experiment 2 Delay After Phase 1,3030,2,4,unique,1
Experiment 2 Delay After Phase 1,3030,2,5,overlapping,1
Experiment 2 Delay After Phase 1,3030,2,5,unique,1
Experiment 2 Delay After Phase 1,3030,3,1,overlapping,0.75
Experiment 2 Delay After Phase 1,3030,3,1,unique,1
Experiment 2 Delay After Phase 1,3030,3,2,overlapping,1
Experiment 2 Delay After Phase 1,3030,3,2,unique,1
Experiment 2 Delay After Phase 1,3030,3,3,overlapping,0.75
Experiment 2 Delay After Phase 1,3030,3,3,unique,1
Experiment 2 Delay After Phase 1,3030,3,4,overlapping,1
Experiment 2 Delay After Phase 1,3030,3,4,unique,0.75
Experiment 2 Delay After Phase 1,3030,3,5,overlapping,1
Experiment 2 Delay After Phase 1,3030,3,5,unique,1
Experiment 2 Delay After Phase 1,3031,1,1,overlapping,0.75
Experiment 2 Delay After Phase 1,3031,1,1,unique,0.75
Experiment 2 Delay After Phase 1,3031,1,2,overlapping,1
Experiment 2 Delay After Phase 1,3031,1,2,unique,0.75
Experiment 2 Delay After Phase 1,3031,1,3,overlapping,1
Experiment 2 Delay After Phase 1,3031,1,3,unique,1
Experiment 2 Delay After Phase 1,3031,1,4,overlapping,1
Experiment 2 Delay After Phase 1,3031,1,4,unique,1
Experiment 2 Delay After Phase 1,3031,1,5,overlapping,1
Experiment 2 Delay After Phase 1,3031,1,5,unique,0.75
Experiment 2 Delay After Phase 1,3031,2,1,overlapping,0.5
Experiment 2 Delay After Phase 1,3031,2,1,unique,1
Experiment 2 Delay After Phase 1,3031,2,2,overlapping,0.25
Experiment 2 Delay After Phase 1,3031,2,2,unique,1
Experiment 2 Delay After Phase 1,3031,2,3,overlapping,1
Experiment 2 Delay After Phase 1,3031,2,3,unique,1
Experiment 2 Delay After Phase 1,3031,2,4,overlapping,1
Experiment 2 Delay After Phase 1,3031,2,4,unique,1
Experiment 2 Delay After Phase 1,3031,2,5,overlapping,1
Experiment 2 Delay After Phase 1,3031,2,5,unique,1
Experiment 2 Delay After Phase 1,3031,3,1,overlapping,0.75
Experiment 2 Delay After Phase 1,3031,3,1,unique,0.75
Experiment 2 Delay After Phase 1,3031,3,2,overlapping,1
Experiment 2 Delay After Phase 1,3031,3,2,unique,1
Experiment 2 Delay After Phase 1,3031,3,3,overlapping,1
Experiment 2 Delay After Phase 1,3031,3,3,unique,0.75
Experiment 2 Delay After Phase 1,3031,3,4,overlapping,1
Experiment 2 Delay After Phase 1,3031,3,4,unique,1
Experiment 2 Delay After Phase 1,3031,3,5,overlapping,1
Experiment 2 Delay After Phase 1,3031,3,5,unique,1
Experiment 2 Delay After Phase 1,3032,1,1,overlapping,0.5
Experiment 2 Delay After Phase 1,3032,1,1,unique,0.5
Experiment 2 Delay After Phase 1,3032,1,2,overlapping,1
Experiment 2 Delay After Phase 1,3032,1,2,unique,0.5
Experiment 2 Delay After Phase 1,3032,1,3,overlapping,1
Experiment 2 Delay After Phase 1,3032,1,3,unique,0.75
Experiment 2 Delay After Phase 1,3032,1,4,overlapping,0.75
Experiment 2 Delay After Phase 1,3032,1,4,unique,1
Experiment 2 Delay After Phase 1,3032,1,5,overlapping,1
Experiment 2 Delay After Phase 1,3032,1,5,unique,1
Experiment 2 Delay After Phase 1,3032,2,1,overlapping,0.5
Experiment 2 Delay After Phase 1,3032,2,1,unique,0.5
Experiment 2 Delay After Phase 1,3032,2,2,overlapping,0.25
Experiment 2 Delay After Phase 1,3032,2,2,unique,1
Experiment 2 Delay After Phase 1,3032,2,3,overlapping,0.75
Experiment 2 Delay After Phase 1,3032,2,3,unique,1
Experiment 2 Delay After Phase 1,3032,2,4,overlapping,1
Experiment 2 Delay After Phase 1,3032,2,4,unique,1
Experiment 2 Delay After Phase 1,3032,2,5,overlapping,1
Experiment 2 Delay After Phase 1,3032,2,5,unique,1
Experiment 2 Delay After Phase 1,3032,3,1,overlapping,0.75
Experiment 2 Delay After Phase 1,3032,3,1,unique,0.75
Experiment 2 Delay After Phase 1,3032,3,2,overlapping,1
Experiment 2 Delay After Phase 1,3032,3,2,unique,1
Experiment 2 Delay After Phase 1,3032,3,3,overlapping,1
Experiment 2 Delay After Phase 1,3032,3,3,unique,1
Experiment 2 Delay After Phase 1,3032,3,4,overlapping,1
Experiment 2 Delay After Phase 1,3032,3,4,unique,1
Experiment 2 Delay After Phase 1,3032,3,5,overlapping,1
Experiment 2 Delay After Phase 1,3032,3,5,unique,1
Experiment 2 Delay After Phase 1,3034,1,1,overlapping,0.75
Experiment 2 Delay After Phase 1,3034,1,1,unique,0
Experiment 2 Delay After Phase 1,3034,1,2,overlapping,0.75
Experiment 2 Delay After Phase 1,3034,1,2,unique,0.75
Experiment 2 Delay After Phase 1,3034,1,3,overlapping,0.75
Experiment 2 Delay After Phase 1,3034,1,3,unique,0.75
Experiment 2 Delay After Phase 1,3034,1,4,overlapping,0.75
Experiment 2 Delay After Phase 1,3034,1,4,unique,1
Experiment 2 Delay After Phase 1,3034,1,5,overlapping,0.75
Experiment 2 Delay After Phase 1,3034,1,5,unique,1
Experiment 2 Delay After Phase 1,3034,2,1,overlapping,0.5
Experiment 2 Delay After Phase 1,3034,2,1,unique,0.75
Experiment 2 Delay After Phase 1,3034,2,2,overlapping,0.75
Experiment 2 Delay After Phase 1,3034,2,2,unique,0.75
Experiment 2 Delay After Phase 1,3034,2,3,overlapping,1
Experiment 2 Delay After Phase 1,3034,2,3,unique,1
Experiment 2 Delay After Phase 1,3034,2,4,overlapping,1
Experiment 2 Delay After Phase 1,3034,2,4,unique,1
Experiment 2 Delay After Phase 1,3034,2,5,overlapping,0.5
Experiment 2 Delay After Phase 1,3034,2,5,unique,1
Experiment 2 Delay After Phase 1,3034,3,1,overlapping,0.5
Experiment 2 Delay After Phase 1,3034,3,1,unique,0.5
Experiment 2 Delay After Phase 1,3034,3,2,overlapping,0.75
Experiment 2 Delay After Phase 1,3034,3,2,unique,1
Experiment 2 Delay After Phase 1,3034,3,3,overlapping,0.75
Experiment 2 Delay After Phase 1,3034,3,3,unique,1
Experiment 2 Delay After Phase 1,3034,3,4,overlapping,0.75
Experiment 2 Delay After Phase 1,3034,3,4,unique,1
Experiment 2 Delay After Phase 1,3034,3,5,overlapping,0.75
Experiment 2 Delay After Phase 1,3034,3,5,unique,1
Experiment 2 Delay After Phase 1,3036,1,1,overlapping,1
Experiment 2 Delay After Phase 1,3036,1,1,unique,0.5
Experiment 2 Delay After Phase 1,3036,1,2,overlapping,1
Experiment 2 Delay After Phase 1,3036,1,2,unique,1
Experiment 2 Delay After Phase 1,3036,1,3,overlapping,1
Experiment 2 Delay After Phase 1,3036,1,3,unique,1
Experiment 2 Delay After Phase 1,3036,1,4,overlapping,1
Experiment 2 Delay After Phase 1,3036,1,4,unique,1
Experiment 2 Delay After Phase 1,3036,1,5,overlapping,1
Experiment 2 Delay After Phase 1,3036,1,5,unique,1
Experiment 2 Delay After Phase 1,3036,2,1,overlapping,0.5
Experiment 2 Delay After Phase 1,3036,2,1,unique,0.5
Experiment 2 Delay After Phase 1,3036,2,2,overlapping,0.5
Experiment 2 Delay After Phase 1,3036,2,2,unique,1
Experiment 2 Delay After Phase 1,3036,2,3,overlapping,1
Experiment 2 Delay After Phase 1,3036,2,3,unique,1
Experiment 2 Delay After Phase 1,3036,2,4,overlapping,1
Experiment 2 Delay After Phase 1,3036,2,4,unique,1
Experiment 2 Delay After Phase 1,3036,2,5,overlapping,1
Experiment 2 Delay After Phase 1,3036,2,5,unique,1
Experiment 2 Delay After Phase 1,3036,3,1,overlapping,1
Experiment 2 Delay After Phase 1,3036,3,1,unique,0.75
Experiment 2 Delay After Phase 1,3036,3,2,overlapping,0.75
Experiment 2 Delay After Phase 1,3036,3,2,unique,1
Experiment 2 Delay After Phase 1,3036,3,3,overlapping,1
Experiment 2 Delay After Phase 1,3036,3,3,unique,1
Experiment 2 Delay After Phase 1,3036,3,4,overlapping,1
Experiment 2 Delay After Phase 1,3036,3,4,unique,1
Experiment 2 Delay After Phase 1,3036,3,5,overlapping,1
Experiment 2 Delay After Phase 1,3036,3,5,unique,1
Experiment 2 Delay After Phase 1,3037,1,1,overlapping,0.5
Experiment 2 Delay After Phase 1,3037,1,1,unique,0.5
Experiment 2 Delay After Phase 1,3037,1,2,overlapping,1
Experiment 2 Delay After Phase 1,3037,1,2,unique,1
Experiment 2 Delay After Phase 1,3037,1,3,overlapping,0.5
Experiment 2 Delay After Phase 1,3037,1,3,unique,1
Experiment 2 Delay After Phase 1,3037,1,4,overlapping,1
Experiment 2 Delay After Phase 1,3037,1,4,unique,1
Experiment 2 Delay After Phase 1,3037,1,5,overlapping,0.75
Experiment 2 Delay After Phase 1,3037,1,5,unique,1
Experiment 2 Delay After Phase 1,3037,2,1,overlapping,0.75
Experiment 2 Delay After Phase 1,3037,2,1,unique,0.75
Experiment 2 Delay After Phase 1,3037,2,2,overlapping,1
Experiment 2 Delay After Phase 1,3037,2,2,unique,0.25
Experiment 2 Delay After Phase 1,3037,2,3,overlapping,1
Experiment 2 Delay After Phase 1,3037,2,3,unique,0.75
Experiment 2 Delay After Phase 1,3037,2,4,overlapping,1
Experiment 2 Delay After Phase 1,3037,2,4,unique,1
Experiment 2 Delay After Phase 1,3037,2,5,overlapping,0.75
Experiment 2 Delay After Phase 1,3037,2,5,unique,1
Experiment 2 Delay After Phase 1,3037,3,1,overlapping,0.25
Experiment 2 Delay After Phase 1,3037,3,1,unique,1
Experiment 2 Delay After Phase 1,3037,3,2,overlapping,0.25
Experiment 2 Delay After Phase 1,3037,3,2,unique,0.75
Experiment 2 Delay After Phase 1,3037,3,3,overlapping,0.75
Experiment 2 Delay After Phase 1,3037,3,3,unique,1
Experiment 2 Delay After Phase 1,3037,3,4,overlapping,0.5
Experiment 2 Delay After Phase 1,3037,3,4,unique,0.75
Experiment 2 Delay After Phase 1,3037,3,5,overlapping,0.75
Experiment 2 Delay After Phase 1,3037,3,5,unique,0.75
Experiment 2 Delay After Phase 1,3039,1,1,overlapping,1
Experiment 2 Delay After Phase 1,3039,1,1,unique,1
Experiment 2 Delay After Phase 1,3039,1,2,overlapping,0.75
Experiment 2 Delay After Phase 1,3039,1,2,unique,1
Experiment 2 Delay After Phase 1,3039,1,3,overlapping,1
Experiment 2 Delay After Phase 1,3039,1,3,unique,1
Experiment 2 Delay After Phase 1,3039,1,4,overlapping,1
Experiment 2 Delay After Phase 1,3039,1,4,unique,0.75
Experiment 2 Delay After Phase 1,3039,1,5,overlapping,1
Experiment 2 Delay After Phase 1,3039,1,5,unique,1
Experiment 2 Delay After Phase 1,3039,2,1,overlapping,0.75
Experiment 2 Delay After Phase 1,3039,2,1,unique,0.75
Experiment 2 Delay After Phase 1,3039,2,2,overlapping,1
Experiment 2 Delay After Phase 1,3039,2,2,unique,1
Experiment 2 Delay After Phase 1,3039,2,3,overlapping,1
Experiment 2 Delay After Phase 1,3039,2,3,unique,0.75
Experiment 2 Delay After Phase 1,3039,2,4,overlapping,1
Experiment 2 Delay After Phase 1,3039,2,4,unique,1
Experiment 2 Delay After Phase 1,3039,2,5,overlapping,1
Experiment 2 Delay After Phase 1,3039,2,5,unique,1
Experiment 2 Delay After Phase 1,3039,3,1,overlapping,0.5
Experiment 2 Delay After Phase 1,3039,3,1,unique,0.75
Experiment 2 Delay After Phase 1,3039,3,2,overlapping,1
Experiment 2 Delay After Phase 1,3039,3,2,unique,1
Experiment 2 Delay After Phase 1,3039,3,3,overlapping,1
Experiment 2 Delay After Phase 1,3039,3,3,unique,1
Experiment 2 Delay After Phase 1,3039,3,4,overlapping,1
Experiment 2 Delay After Phase 1,3039,3,4,unique,1
Experiment 2 Delay After Phase 1,3039,3,5,overlapping,1
Experiment 2 Delay After Phase 1,3039,3,5,unique,1
Experiment 2 Delay After Phase 1,3040,1,1,overlapping,0.75
Experiment 2 Delay After Phase 1,3040,1,1,unique,1
Experiment 2 Delay After Phase 1,3040,1,2,overlapping,1
Experiment 2 Delay After Phase 1,3040,1,2,unique,0.75
Experiment 2 Delay After Phase 1,3040,1,3,overlapping,1
Experiment 2 Delay After Phase 1,3040,1,3,unique,0.75
Experiment 2 Delay After Phase 1,3040,1,4,overlapping,0.75
Experiment 2 Delay After Phase 1,3040,1,4,unique,1
Experiment 2 Delay After Phase 1,3040,1,5,overlapping,1
Experiment 2 Delay After Phase 1,3040,1,5,unique,1
Experiment 2 Delay After Phase 1,3040,2,1,overlapping,0.25
Experiment 2 Delay After Phase 1,3040,2,1,unique,0.25
Experiment 2 Delay After Phase 1,3040,2,2,overlapping,0.75
Experiment 2 Delay After Phase 1,3040,2,2,unique,1
Experiment 2 Delay After Phase 1,3040,2,3,overlapping,1
Experiment 2 Delay After Phase 1,3040,2,3,unique,0.5
Experiment 2 Delay After Phase 1,3040,2,4,overlapping,0.75
Experiment 2 Delay After Phase 1,3040,2,4,unique,1
Experiment 2 Delay After Phase 1,3040,2,5,overlapping,0.75
Experiment 2 Delay After Phase 1,3040,2,5,unique,0.75
Experiment 2 Delay After Phase 1,3040,3,1,overlapping,0.5
Experiment 2 Delay After Phase 1,3040,3,1,unique,1
Experiment 2 Delay After Phase 1,3040,3,2,overlapping,0.75
Experiment 2 Delay After Phase 1,3040,3,2,unique,1
Experiment 2 Delay After Phase 1,3040,3,3,overlapping,1
Experiment 2 Delay After Phase 1,3040,3,3,unique,1
Experiment 2 Delay After Phase 1,3040,3,4,overlapping,1
Experiment 2 Delay After Phase 1,3040,3,4,unique,1
Experiment 2 Delay After Phase 1,3040,3,5,overlapping,1
Experiment 2 Delay After Phase 1,3040,3,5,unique,1
Experiment 2 Delay After Phase 1,3041,1,1,overlapping,0.5
Experiment 2 Delay After Phase 1,3041,1,1,unique,0.5
Experiment 2 Delay After Phase 1,3041,1,2,overlapping,1
Experiment 2 Delay After Phase 1,3041,1,2,unique,0.75
Experiment 2 Delay After Phase 1,3041,1,3,overlapping,0.75
Experiment 2 Delay After Phase 1,3041,1,3,unique,0.75
Experiment 2 Delay After Phase 1,3041,1,4,overlapping,0.75
Experiment 2 Delay After Phase 1,3041,1,4,unique,1
Experiment 2 Delay After Phase 1,3041,1,5,overlapping,0.75
Experiment 2 Delay After Phase 1,3041,1,5,unique,1
Experiment 2 Delay After Phase 1,3041,2,1,overlapping,0.5
Experiment 2 Delay After Phase 1,3041,2,1,unique,0.5
Experiment 2 Delay After Phase 1,3041,2,2,overlapping,1
Experiment 2 Delay After Phase 1,3041,2,2,unique,1
Experiment 2 Delay After Phase 1,3041,2,3,overlapping,0.75
Experiment 2 Delay After Phase 1,3041,2,3,unique,1
Experiment 2 Delay After Phase 1,3041,2,4,overlapping,1
Experiment 2 Delay After Phase 1,3041,2,4,unique,1
Experiment 2 Delay After Phase 1,3041,2,5,overlapping,1
Experiment 2 Delay After Phase 1,3041,2,5,unique,1
Experiment 2 Delay After Phase 1,3041,3,1,overlapping,0.5
Experiment 2 Delay After Phase 1,3041,3,1,unique,1
Experiment 2 Delay After Phase 1,3041,3,2,overlapping,0.75
Experiment 2 Delay After Phase 1,3041,3,2,unique,0.75
Experiment 2 Delay After Phase 1,3041,3,3,overlapping,1
Experiment 2 Delay After Phase 1,3041,3,3,unique,1
Experiment 2 Delay After Phase 1,3041,3,4,overlapping,0.75
Experiment 2 Delay After Phase 1,3041,3,4,unique,1
Experiment 2 Delay After Phase 1,3041,3,5,overlapping,0.5
Experiment 2 Delay After Phase 1,3041,3,5,unique,1
Experiment 2 Delay After Phase 1,3042,1,1,overlapping,1
Experiment 2 Delay After Phase 1,3042,1,1,unique,0.75
Experiment 2 Delay After Phase 1,3042,1,2,overlapping,0.75
Experiment 2 Delay After Phase 1,3042,1,2,unique,0.75
Experiment 2 Delay After Phase 1,3042,1,3,overlapping,1
Experiment 2 Delay After Phase 1,3042,1,3,unique,1
Experiment 2 Delay After Phase 1,3042,1,4,overlapping,1
Experiment 2 Delay After Phase 1,3042,1,4,unique,1
Experiment 2 Delay After Phase 1,3042,1,5,overlapping,1
Experiment 2 Delay After Phase 1,3042,1,5,unique,0.75
Experiment 2 Delay After Phase 1,3042,2,1,overlapping,0.75
Experiment 2 Delay After Phase 1,3042,2,1,unique,0.75
Experiment 2 Delay After Phase 1,3042,2,2,overlapping,0.75
Experiment 2 Delay After Phase 1,3042,2,2,unique,1
Experiment 2 Delay After Phase 1,3042,2,3,overlapping,0.75
Experiment 2 Delay After Phase 1,3042,2,3,unique,1
Experiment 2 Delay After Phase 1,3042,2,4,overlapping,0.75
Experiment 2 Delay After Phase 1,3042,2,4,unique,1
Experiment 2 Delay After Phase 1,3042,2,5,overlapping,0.75
Experiment 2 Delay After Phase 1,3042,2,5,unique,1
Experiment 2 Delay After Phase 1,3042,3,1,overlapping,0.5
Experiment 2 Delay After Phase 1,3042,3,1,unique,1
Experiment 2 Delay After Phase 1,3042,3,2,overlapping,1
Experiment 2 Delay After Phase 1,3042,3,2,unique,1
Experiment 2 Delay After Phase 1,3042,3,3,overlapping,0.75
Experiment 2 Delay After Phase 1,3042,3,3,unique,0.75
Experiment 2 Delay After Phase 1,3042,3,4,overlapping,1
Experiment 2 Delay After Phase 1,3042,3,4,unique,0.75
Experiment 2 Delay After Phase 1,3042,3,5,overlapping,1
Experiment 2 Delay After Phase 1,3042,3,5,unique,1
Experiment 2 Delay After Phase 1,3044,1,1,overlapping,0.75
Experiment 2 Delay After Phase 1,3044,1,1,unique,1
Experiment 2 Delay After Phase 1,3044,1,2,overlapping,0.75
Experiment 2 Delay After Phase 1,3044,1,2,unique,1
Experiment 2 Delay After Phase 1,3044,1,3,overlapping,0.75
Experiment 2 Delay After Phase 1,3044,1,3,unique,1
Experiment 2 Delay After Phase 1,3044,1,4,overlapping,1
Experiment 2 Delay After Phase 1,3044,1,4,unique,1
Experiment 2 Delay After Phase 1,3044,1,5,overlapping,1
Experiment 2 Delay After Phase 1,3044,1,5,unique,1
Experiment 2 Delay After Phase 1,3044,2,1,overlapping,0.5
Experiment 2 Delay After Phase 1,3044,2,1,unique,0.5
Experiment 2 Delay After Phase 1,3044,2,2,overlapping,1
Experiment 2 Delay After Phase 1,3044,2,2,unique,0.75
Experiment 2 Delay After Phase 1,3044,2,3,overlapping,0.25
Experiment 2 Delay After Phase 1,3044,2,3,unique,0.75
Experiment 2 Delay After Phase 1,3044,2,4,overlapping,0.75
Experiment 2 Delay After Phase 1,3044,2,4,unique,0.5
Experiment 2 Delay After Phase 1,3044,2,5,overlapping,0.75
Experiment 2 Delay After Phase 1,3044,2,5,unique,0.75
Experiment 2 Delay After Phase 1,3044,3,1,overlapping,0.5
Experiment 2 Delay After Phase 1,3044,3,1,unique,0.75
Experiment 2 Delay After Phase 1,3044,3,2,overlapping,0.75
Experiment 2 Delay After Phase 1,3044,3,2,unique,0.75
Experiment 2 Delay After Phase 1,3044,3,3,overlapping,1
Experiment 2 Delay After Phase 1,3044,3,3,unique,1
Experiment 2 Delay After Phase 1,3044,3,4,overlapping,1
Experiment 2 Delay After Phase 1,3044,3,4,unique,1
Experiment 2 Delay After Phase 1,3044,3,5,overlapping,1
Experiment 2 Delay After Phase 1,3044,3,5,unique,1
Experiment 2 Delay After Phase 1,3045,1,1,overlapping,0.5
Experiment 2 Delay After Phase 1,3045,1,1,unique,0.5
Experiment 2 Delay After Phase 1,3045,1,2,overlapping,0.75
Experiment 2 Delay After Phase 1,3045,1,2,unique,0.75
Experiment 2 Delay After Phase 1,3045,1,3,overlapping,0.75
Experiment 2 Delay After Phase 1,3045,1,3,unique,1
Experiment 2 Delay After Phase 1,3045,1,4,overlapping,0.75
Experiment 2 Delay After Phase 1,3045,1,4,unique,1
Experiment 2 Delay After Phase 1,3045,1,5,overlapping,1
Experiment 2 Delay After Phase 1,3045,1,5,unique,1
Experiment 2 Delay After Phase 1,3045,2,1,overlapping,0.75
Experiment 2 Delay After Phase 1,3045,2,1,unique,1
Experiment 2 Delay After Phase 1,3045,2,2,overlapping,0.5
Experiment 2 Delay After Phase 1,3045,2,2,unique,0.75
Experiment 2 Delay After Phase 1,3045,2,3,overlapping,0.75
Experiment 2 Delay After Phase 1,3045,2,3,unique,1
Experiment 2 Delay After Phase 1,3045,2,4,overlapping,0.75
Experiment 2 Delay After Phase 1,3045,2,4,unique,1
Experiment 2 Delay After Phase 1,3045,2,5,overlapping,1
Experiment 2 Delay After Phase 1,3045,2,5,unique,1
Experiment 2 Delay After Phase 1,3045,3,1,overlapping,0.25
Experiment 2 Delay After Phase 1,3045,3,1,unique,1
Experiment 2 Delay After Phase 1,3045,3,2,overlapping,0.5
Experiment 2 Delay After Phase 1,3045,3,2,unique,1
Experiment 2 Delay After Phase 1,3045,3,3,overlapping,1
Experiment 2 Delay After Phase 1,3045,3,3,unique,1
Experiment 2 Delay After Phase 1,3045,3,4,overlapping,1
Experiment 2 Delay After Phase 1,3045,3,4,unique,1
Experiment 2 Delay After Phase 1,3045,3,5,overlapping,0.5
Experiment 2 Delay After Phase 1,3045,3,5,unique,1
Experiment 2 Delay After Phase 1,3046,1,1,overlapping,0.75
Experiment 2 Delay After Phase 1,3046,1,1,unique,0.25
Experiment 2 Delay After Phase 1,3046,1,2,overlapping,0.75
Experiment 2 Delay After Phase 1,3046,1,2,unique,0.5
Experiment 2 Delay After Phase 1,3046,1,3,overlapping,1
Experiment 2 Delay After Phase 1,3046,1,3,unique,0.75
Experiment 2 Delay After Phase 1,3046,1,4,overlapping,1
Experiment 2 Delay After Phase 1,3046,1,4,unique,0.75
Experiment 2 Delay After Phase 1,3046,1,5,overlapping,0.75
Experiment 2 Delay After Phase 1,3046,1,5,unique,1
Experiment 2 Delay After Phase 1,3046,2,1,overlapping,0.25
Experiment 2 Delay After Phase 1,3046,2,1,unique,0.5
Experiment 2 Delay After Phase 1,3046,2,2,overlapping,0.75
Experiment 2 Delay After Phase 1,3046,2,2,unique,1
Experiment 2 Delay After Phase 1,3046,2,3,overlapping,1
Experiment 2 Delay After Phase 1,3046,2,3,unique,0.75
Experiment 2 Delay After Phase 1,3046,2,4,overlapping,1
Experiment 2 Delay After Phase 1,3046,2,4,unique,0.75
Experiment 2 Delay After Phase 1,3046,2,5,overlapping,1
Experiment 2 Delay After Phase 1,3046,2,5,unique,1
Experiment 2 Delay After Phase 1,3046,3,1,overlapping,0.5
Experiment 2 Delay After Phase 1,3046,3,1,unique,0.75
Experiment 2 Delay After Phase 1,3046,3,2,overlapping,1
Experiment 2 Delay After Phase 1,3046,3,2,unique,1
Experiment 2 Delay After Phase 1,3046,3,3,overlapping,1
Experiment 2 Delay After Phase 1,3046,3,3,unique,0.75
Experiment 2 Delay After Phase 1,3046,3,4,overlapping,1
Experiment 2 Delay After Phase 1,3046,3,4,unique,1
Experiment 2 Delay After Phase 1,3046,3,5,overlapping,0.75
Experiment 2 Delay After Phase 1,3046,3,5,unique,1