experiments,subjects,phases,blocks,pairtypes,accuracys
Experiment 1 No Delay,3049,1,1,overlapping,1
Experiment 1 No Delay,3049,1,1,unique,0.5
Experiment 1 No Delay,3049,1,2,overlapping,1
Experiment 1 No Delay,3049,1,2,unique,0.75
Experiment 1 No Delay,3049,1,3,overlapping,1
Experiment 1 No Delay,3049,1,3,unique,1
Experiment 1 No Delay,3049,1,4,overlapping,1
Experiment 1 No Delay,3049,1,4,unique,1
Experiment 1 No Delay,3049,1,5,overlapping,1
Experiment 1 No Delay,3049,1,5,unique,1
Experiment 1 No Delay,3049,2,1,overlapping,0.75
Experiment 1 No Delay,3049,2,1,unique,1
Experiment 1 No Delay,3049,2,2,overlapping,1
Experiment 1 No Delay,3049,2,2,unique,1
Experiment 1 No Delay,3049,2,3,overlapping,1
Experiment 1 No Delay,3049,2,3,unique,1
Experiment 1 No Delay,3049,2,4,overlapping,0.75
Experiment 1 No Delay,3049,2,4,unique,1
Experiment 1 No Delay,3049,2,5,overlapping,1
Experiment 1 No Delay,3049,2,5,unique,1
Experiment 1 No Delay,3049,3,1,overlapping,0.75
Experiment 1 No Delay,3049,3,1,unique,0.75
Experiment 1 No Delay,3049,3,2,overlapping,1
Experiment 1 No Delay,3049,3,2,unique,1
Experiment 1 No Delay,3049,3,3,overlapping,1
Experiment 1 No Delay,3049,3,3,unique,1
Experiment 1 No Delay,3049,3,4,overlapping,1
Experiment 1 No Delay,3049,3,4,unique,1
Experiment 1 No Delay,3049,3,5,overlapping,1
Experiment 1 No Delay,3049,3,5,unique,1
Experiment 1 No Delay,3052,1,1,overlapping,0.75
Experiment 1 No Delay,3052,1,1,unique,0.5
Experiment 1 No Delay,3052,1,2,overlapping,0.75
Experiment 1 No Delay,3052,1,2,unique,0.75
Experiment 1 No Delay,3052,1,3,overlapping,0.75
Experiment 1 No Delay,3052,1,3,unique,1
Experiment 1 No Delay,3052,1,4,overlapping,0.5
Experiment 1 No Delay,3052,1,4,unique,0.5
Experiment 1 No Delay,3052,1,5,overlapping,1
Experiment 1 No Delay,3052,1,5,unique,0.75
Experiment 1 No Delay,3052,2,1,overlapping,0.5
Experiment 1 No Delay,3052,2,1,unique,0.75
Experiment 1 No Delay,3052,2,2,overlapping,0.75
Experiment 1 No Delay,3052,2,2,unique,1
Experiment 1 No Delay,3052,2,3,overlapping,0.75
Experiment 1 No Delay,3052,2,3,unique,0.75
Experiment 1 No Delay,3052,2,4,overlapping,0.75
Experiment 1 No Delay,3052,2,4,unique,1
Experiment 1 No Delay,3052,2,5,overlapping,1
Experiment 1 No Delay,3052,2,5,unique,0.75
Experiment 1 No Delay,3052,3,1,overlapping,0.5
Experiment 1 No Delay,3052,3,1,unique,1
Experiment 1 No Delay,3052,3,2,overlapping,0.75
Experiment 1 No Delay,3052,3,2,unique,0.75
Experiment 1 No Delay,3052,3,3,overlapping,0.75
Experiment 1 No Delay,3052,3,3,unique,1
Experiment 1 No Delay,3052,3,4,overlapping,0.75
Experiment 1 No Delay,3052,3,4,unique,1
Experiment 1 No Delay,3052,3,5,overlapping,1
Experiment 1 No Delay,3052,3,5,unique,1
Experiment 1 No Delay,3053,1,1,overlapping,0.75
Experiment 1 No Delay,3053,1,1,unique,0.75
Experiment 1 No Delay,3053,1,2,overlapping,1
Experiment 1 No Delay,3053,1,2,unique,1
Experiment 1 No Delay,3053,1,3,overlapping,1
Experiment 1 No Delay,3053,1,3,unique,1
Experiment 1 No Delay,3053,1,4,overlapping,1
Experiment 1 No Delay,3053,1,4,unique,0.75
Experiment 1 No Delay,3053,1,5,overlapping,1
Experiment 1 No Delay,3053,1,5,unique,1
Experiment 1 No Delay,3053,2,1,overlapping,0.5
Experiment 1 No Delay,3053,2,1,unique,0.75
Experiment 1 No Delay,3053,2,2,overlapping,1
Experiment 1 No Delay,3053,2,2,unique,0.75
Experiment 1 No Delay,3053,2,3,overlapping,1
Experiment 1 No Delay,3053,2,3,unique,1
Experiment 1 No Delay,3053,2,4,overlapping,0.75
Experiment 1 No Delay,3053,2,4,unique,1
Experiment 1 No Delay,3053,2,5,overlapping,1
Experiment 1 No Delay,3053,2,5,unique,0.75
Experiment 1 No Delay,3053,3,1,overlapping,0.5
Experiment 1 No Delay,3053,3,1,unique,1
Experiment 1 No Delay,3053,3,2,overlapping,0.75
Experiment 1 No Delay,3053,3,2,unique,1
Experiment 1 No Delay,3053,3,3,overlapping,0.25
Experiment 1 No Delay,3053,3,3,unique,1
Experiment 1 No Delay,3053,3,4,overlapping,0.75
Experiment 1 No Delay,3053,3,4,unique,0.75
Experiment 1 No Delay,3053,3,5,overlapping,1
Experiment 1 No Delay,3053,3,5,unique,1
Experiment 1 No Delay,3056,1,1,overlapping,0.75
Experiment 1 No Delay,3056,1,1,unique,1
Experiment 1 No Delay,3056,1,2,overlapping,1
Experiment 1 No Delay,3056,1,2,unique,1
Experiment 1 No Delay,3056,1,3,overlapping,1
Experiment 1 No Delay,3056,1,3,unique,1
Experiment 1 No Delay,3056,1,4,overlapping,1
Experiment 1 No Delay,3056,1,4,unique,1
Experiment 1 No Delay,3056,1,5,overlapping,1
Experiment 1 No Delay,3056,1,5,unique,1
Experiment 1 No Delay,3056,2,1,overlapping,0.5
Experiment 1 No Delay,3056,2,1,unique,0.75
Experiment 1 No Delay,3056,2,2,overlapping,0.75
Experiment 1 No Delay,3056,2,2,unique,0.5
Experiment 1 No Delay,3056,2,3,overlapping,1
Experiment 1 No Delay,3056,2,3,unique,0.75
Experiment 1 No Delay,3056,2,4,overlapping,1
Experiment 1 No Delay,3056,2,4,unique,1
Experiment 1 No Delay,3056,2,5,overlapping,1
Experiment 1 No Delay,3056,2,5,unique,1
Experiment 1 No Delay,3056,3,1,overlapping,1
Experiment 1 No Delay,3056,3,1,unique,1
Experiment 1 No Delay,3056,3,2,overlapping,1
Experiment 1 No Delay,3056,3,2,unique,1
Experiment 1 No Delay,3056,3,3,overlapping,1
Experiment 1 No Delay,3056,3,3,unique,1
Experiment 1 No Delay,3056,3,4,overlapping,1
Experiment 1 No Delay,3056,3,4,unique,1
Experiment 1 No Delay,3056,3,5,overlapping,1
Experiment 1 No Delay,3056,3,5,unique,0.75
Experiment 1 No Delay,3066,1,1,overlapping,0.5
Experiment 1 No Delay,3066,1,1,unique,0.5
Experiment 1 No Delay,3066,1,2,overlapping,0.75
Experiment 1 No Delay,3066,1,2,unique,1
Experiment 1 No Delay,3066,1,3,overlapping,0.75
Experiment 1 No Delay,3066,1,3,unique,1
Experiment 1 No Delay,3066,1,4,overlapping,1
Experiment 1 No Delay,3066,1,4,unique,1
Experiment 1 No Delay,3066,1,5,overlapping,0.75
Experiment 1 No Delay,3066,1,5,unique,1
Experiment 1 No Delay,3066,2,1,overlapping,0.5
Experiment 1 No Delay,3066,2,1,unique,0.75
Experiment 1 No Delay,3066,2,2,overlapping,1
Experiment 1 No Delay,3066,2,2,unique,0.75
Experiment 1 No Delay,3066,2,3,overlapping,1
Experiment 1 No Delay,3066,2,3,unique,1
Experiment 1 No Delay,3066,2,4,overlapping,1
Experiment 1 No Delay,3066,2,4,unique,1
Experiment 1 No Delay,3066,2,5,overlapping,1
Experiment 1 No Delay,3066,2,5,unique,1
Experiment 1 No Delay,3066,3,1,overlapping,0.5
Experiment 1 No Delay,3066,3,1,unique,1
Experiment 1 No Delay,3066,3,2,overlapping,0.75
Experiment 1 No Delay,3066,3,2,unique,0.75
Experiment 1 No Delay,3066,3,3,overlapping,1
Experiment 1 No Delay,3066,3,3,unique,1
Experiment 1 No Delay,3066,3,4,overlapping,1
Experiment 1 No Delay,3066,3,4,unique,1
Experiment 1 No Delay,3066,3,5,overlapping,1
Experiment 1 No Delay,3066,3,5,unique,1
Experiment 1 No Delay,3068,1,1,overlapping,1
Experiment 1 No Delay,3068,1,1,unique,0.75
Experiment 1 No Delay,3068,1,2,overlapping,1
Experiment 1 No Delay,3068,1,2,unique,1
Experiment 1 No Delay,3068,1,3,overlapping,1
Experiment 1 No Delay,3068,1,3,unique,1
Experiment 1 No Delay,3068,1,4,overlapping,1
Experiment 1 No Delay,3068,1,4,unique,1
Experiment 1 No Delay,3068,1,5,overlapping,0.5
Experiment 1 No Delay,3068,1,5,unique,1
Experiment 1 No Delay,3068,2,1,overlapping,0.25
Experiment 1 No Delay,3068,2,1,unique,0.5
Experiment 1 No Delay,3068,2,2,overlapping,1
Experiment 1 No Delay,3068,2,2,unique,1
Experiment 1 No Delay,3068,2,3,overlapping,1
Experiment 1 No Delay,3068,2,3,unique,1
Experiment 1 No Delay,3068,2,4,overlapping,1
Experiment 1 No Delay,3068,2,4,unique,1
Experiment 1 No Delay,3068,2,5,overlapping,1
Experiment 1 No Delay,3068,2,5,unique,1
Experiment 1 No Delay,3068,3,1,overlapping,0.25
Experiment 1 No Delay,3068,3,1,unique,0.5
Experiment 1 No Delay,3068,3,2,overlapping,0.75
Experiment 1 No Delay,3068,3,2,unique,1
Experiment 1 No Delay,3068,3,3,overlapping,1
Experiment 1 No Delay,3068,3,3,unique,1
Experiment 1 No Delay,3068,3,4,overlapping,1
Experiment 1 No Delay,3068,3,4,unique,1
Experiment 1 No Delay,3068,3,5,overlapping,1
Experiment 1 No Delay,3068,3,5,unique,1
Experiment 1 No Delay,3069,1,1,overlapping,1
Experiment 1 No Delay,3069,1,1,unique,0.5
Experiment 1 No Delay,3069,1,2,overlapping,0.75
Experiment 1 No Delay,3069,1,2,unique,0.25
Experiment 1 No Delay,3069,1,3,overlapping,0.75
Experiment 1 No Delay,3069,1,3,unique,0.5
Experiment 1 No Delay,3069,1,4,overlapping,1
Experiment 1 No Delay,3069,1,4,unique,1
Experiment 1 No Delay,3069,1,5,overlapping,1
Experiment 1 No Delay,3069,1,5,unique,1
Experiment 1 No Delay,3069,2,1,overlapping,0.75
Experiment 1 No Delay,3069,2,1,unique,1
Experiment 1 No Delay,3069,2,2,overlapping,0.5
Experiment 1 No Delay,3069,2,2,unique,1
Experiment 1 No Delay,3069,2,3,overlapping,0.75
Experiment 1 No Delay,3069,2,3,unique,1
Experiment 1 No Delay,3069,2,4,overlapping,1
Experiment 1 No Delay,3069,2,4,unique,1
Experiment 1 No Delay,3069,2,5,overlapping,0.75
Experiment 1 No Delay,3069,2,5,unique,1
Experiment 1 No Delay,3069,3,1,overlapping,0.75
Experiment 1 No Delay,3069,3,1,unique,1
Experiment 1 No Delay,3069,3,2,overlapping,1
Experiment 1 No Delay,3069,3,2,unique,0.5
Experiment 1 No Delay,3069,3,3,overlapping,1
Experiment 1 No Delay,3069,3,3,unique,0.75
Experiment 1 No Delay,3069,3,4,overlapping,0.75
Experiment 1 No Delay,3069,3,4,unique,0.75
Experiment 1 No Delay,3069,3,5,overlapping,1
Experiment 1 No Delay,3069,3,5,unique,1
Experiment 1 No Delay,3070,1,1,overlapping,0.5
Experiment 1 No Delay,3070,1,1,unique,0.5
Experiment 1 No Delay,3070,1,2,overlapping,1
Experiment 1 No Delay,3070,1,2,unique,1
Experiment 1 No Delay,3070,1,3,overlapping,0.5
Experiment 1 No Delay,3070,1,3,unique,1
Experiment 1 No Delay,3070,1,4,overlapping,1
Experiment 1 No Delay,3070,1,4,unique,0.75
Experiment 1 No Delay,3070,1,5,overlapping,1
Experiment 1 No Delay,3070,1,5,unique,1
Experiment 1 No Delay,3070,2,1,overlapping,0.5
Experiment 1 No Delay,3070,2,1,unique,0.5
Experiment 1 No Delay,3070,2,2,overlapping,1
Experiment 1 No Delay,3070,2,2,unique,1
Experiment 1 No Delay,3070,2,3,overlapping,1
Experiment 1 No Delay,3070,2,3,unique,1
Experiment 1 No Delay,3070,2,4,overlapping,1
Experiment 1 No Delay,3070,2,4,unique,1
Experiment 1 No Delay,3070,2,5,overlapping,1
Experiment 1 No Delay,3070,2,5,unique,1
Experiment 1 No Delay,3070,3,1,overlapping,0.25
Experiment 1 No Delay,3070,3,1,unique,1
Experiment 1 No Delay,3070,3,2,overlapping,1
Experiment 1 No Delay,3070,3,2,unique,1
Experiment 1 No Delay,3070,3,3,overlapping,1
Experiment 1 No Delay,3070,3,3,unique,1
Experiment 1 No Delay,3070,3,4,overlapping,1
Experiment 1 No Delay,3070,3,4,unique,1
Experiment 1 No Delay,3070,3,5,overlapping,1
Experiment 1 No Delay,3070,3,5,unique,1
Experiment 1 No Delay,3073,1,1,overlapping,0.5
Experiment 1 No Delay,3073,1,1,unique,0.5
Experiment 1 No Delay,3073,1,2,overlapping,1
Experiment 1 No Delay,3073,1,2,unique,1
Experiment 1 No Delay,3073,1,3,overlapping,1
Experiment 1 No Delay,3073,1,3,unique,1
Experiment 1 No Delay,3073,1,4,overlapping,1
Experiment 1 No Delay,3073,1,4,unique,1
Experiment 1 No Delay,3073,1,5,overlapping,1
Experiment 1 No Delay,3073,1,5,unique,1
Experiment 1 No Delay,3073,2,1,overlapping,0.5
Experiment 1 No Delay,3073,2,1,unique,0.5
Experiment 1 No Delay,3073,2,2,overlapping,0.25
Experiment 1 No Delay,3073,2,2,unique,1
Experiment 1 No Delay,3073,2,3,overlapping,0.75
Experiment 1 No Delay,3073,2,3,unique,1
Experiment 1 No Delay,3073,2,4,overlapping,0.75
Experiment 1 No Delay,3073,2,4,unique,1
Experiment 1 No Delay,3073,2,5,overlapping,0.75
Experiment 1 No Delay,3073,2,5,unique,1
Experiment 1 No Delay,3073,3,1,overlapping,0.5
Experiment 1 No Delay,3073,3,1,unique,0.75
Experiment 1 No Delay,3073,3,2,overlapping,1
Experiment 1 No Delay,3073,3,2,unique,1
Experiment 1 No Delay,3073,3,3,overlapping,1
Experiment 1 No Delay,3073,3,3,unique,1
Experiment 1 No Delay,3073,3,4,overlapping,1
Experiment 1 No Delay,3073,3,4,unique,1
Experiment 1 No Delay,3073,3,5,overlapping,1
Experiment 1 No Delay,3073,3,5,unique,1
Experiment 1 No Delay,3082,1,1,overlapping,0.5
Experiment 1 No Delay,3082,1,1,unique,0.75
Experiment 1 No Delay,3082,1,2,overlapping,1
Experiment 1 No Delay,3082,1,2,unique,1
Experiment 1 No Delay,3082,1,3,overlapping,1
Experiment 1 No Delay,3082,1,3,unique,1
Experiment 1 No Delay,3082,1,4,overlapping,1
Experiment 1 No Delay,3082,1,4,unique,1
Experiment 1 No Delay,3082,1,5,overlapping,1
Experiment 1 No Delay,3082,1,5,unique,1
Experiment 1 No Delay,3082,2,1,overlapping,0.5
Experiment 1 No Delay,3082,2,1,unique,1
Experiment 1 No Delay,3082,2,2,overlapping,1
Experiment 1 No Delay,3082,2,2,unique,1
Experiment 1 No Delay,3082,2,3,overlapping,0.75
Experiment 1 No Delay,3082,2,3,unique,1
Experiment 1 No Delay,3082,2,4,overlapping,1
Experiment 1 No Delay,3082,2,4,unique,1
Experiment 1 No Delay,3082,2,5,overlapping,1
Experiment 1 No Delay,3082,2,5,unique,1
Experiment 1 No Delay,3082,3,1,overlapping,1
Experiment 1 No Delay,3082,3,1,unique,1
Experiment 1 No Delay,3082,3,2,overlapping,0.75
Experiment 1 No Delay,3082,3,2,unique,1
Experiment 1 No Delay,3082,3,3,overlapping,1
Experiment 1 No Delay,3082,3,3,unique,1
Experiment 1 No Delay,3082,3,4,overlapping,1
Experiment 1 No Delay,3082,3,4,unique,1
Experiment 1 No Delay,3082,3,5,overlapping,0.75
Experiment 1 No Delay,3082,3,5,unique,1
Experiment 1 No Delay,3115,1,1,overlapping,0.75
Experiment 1 No Delay,3115,1,1,unique,0.25
Experiment 1 No Delay,3115,1,2,overlapping,1
Experiment 1 No Delay,3115,1,2,unique,1
Experiment 1 No Delay,3115,1,3,overlapping,1
Experiment 1 No Delay,3115,1,3,unique,1
Experiment 1 No Delay,3115,1,4,overlapping,1
Experiment 1 No Delay,3115,1,4,unique,0.75
Experiment 1 No Delay,3115,1,5,overlapping,0.75
Experiment 1 No Delay,3115,1,5,unique,1
Experiment 1 No Delay,3115,2,1,overlapping,0.25
Experiment 1 No Delay,3115,2,1,unique,0.5
Experiment 1 No Delay,3115,2,2,overlapping,1
Experiment 1 No Delay,3115,2,2,unique,0.75
Experiment 1 No Delay,3115,2,3,overlapping,1
Experiment 1 No Delay,3115,2,3,unique,0.75
Experiment 1 No Delay,3115,2,4,overlapping,1
Experiment 1 No Delay,3115,2,4,unique,1
Experiment 1 No Delay,3115,2,5,overlapping,0.5
Experiment 1 No Delay,3115,2,5,unique,1
Experiment 1 No Delay,3115,3,1,overlapping,0.5
Experiment 1 No Delay,3115,3,1,unique,1
Experiment 1 No Delay,3115,3,2,overlapping,1
Experiment 1 No Delay,3115,3,2,unique,1
Experiment 1 No Delay,3115,3,3,overlapping,1
Experiment 1 No Delay,3115,3,3,unique,1
Experiment 1 No Delay,3115,3,4,overlapping,1
Experiment 1 No Delay,3115,3,4,unique,1
Experiment 1 No Delay,3115,3,5,overlapping,0.75
Experiment 1 No Delay,3115,3,5,unique,1
Experiment 1 No Delay,3118,1,1,overlapping,0.5
Experiment 1 No Delay,3118,1,1,unique,0.25
Experiment 1 No Delay,3118,1,2,overlapping,0.75
Experiment 1 No Delay,3118,1,2,unique,0.75
Experiment 1 No Delay,3118,1,3,overlapping,0.75
Experiment 1 No Delay,3118,1,3,unique,0.75
Experiment 1 No Delay,3118,1,4,overlapping,0.75
Experiment 1 No Delay,3118,1,4,unique,1
Experiment 1 No Delay,3118,1,5,overlapping,1
Experiment 1 No Delay,3118,1,5,unique,1
Experiment 1 No Delay,3118,2,1,overlapping,0.25
Experiment 1 No Delay,3118,2,1,unique,0.75
Experiment 1 No Delay,3118,2,2,overlapping,1
Experiment 1 No Delay,3118,2,2,unique,1
Experiment 1 No Delay,3118,2,3,overlapping,1
Experiment 1 No Delay,3118,2,3,unique,1
Experiment 1 No Delay,3118,2,4,overlapping,1
Experiment 1 No Delay,3118,2,4,unique,1
Experiment 1 No Delay,3118,2,5,overlapping,1
Experiment 1 No Delay,3118,2,5,unique,1
Experiment 1 No Delay,3118,3,1,overlapping,0.75
Experiment 1 No Delay,3118,3,1,unique,1
Experiment 1 No Delay,3118,3,2,overlapping,1
Experiment 1 No Delay,3118,3,2,unique,1
Experiment 1 No Delay,3118,3,3,overlapping,1
Experiment 1 No Delay,3118,3,3,unique,1
Experiment 1 No Delay,3118,3,4,overlapping,1
Experiment 1 No Delay,3118,3,4,unique,1
Experiment 1 No Delay,3118,3,5,overlapping,1
Experiment 1 No Delay,3118,3,5,unique,1
Experiment 1 No Delay,3127,1,1,overlapping,0
Experiment 1 No Delay,3127,1,1,unique,0.5
Experiment 1 No Delay,3127,1,2,overlapping,1
Experiment 1 No Delay,3127,1,2,unique,1
Experiment 1 No Delay,3127,1,3,overlapping,1
Experiment 1 No Delay,3127,1,3,unique,1
Experiment 1 No Delay,3127,1,4,overlapping,1
Experiment 1 No Delay,3127,1,4,unique,1
Experiment 1 No Delay,3127,1,5,overlapping,1
Experiment 1 No Delay,3127,1,5,unique,1
Experiment 1 No Delay,3127,2,1,overlapping,0
Experiment 1 No Delay,3127,2,1,unique,0.25
Experiment 1 No Delay,3127,2,2,overlapping,0.5
Experiment 1 No Delay,3127,2,2,unique,1
Experiment 1 No Delay,3127,2,3,overlapping,0.75
Experiment 1 No Delay,3127,2,3,unique,1
Experiment 1 No Delay,3127,2,4,overlapping,0.75
Experiment 1 No Delay,3127,2,4,unique,1
Experiment 1 No Delay,3127,2,5,overlapping,1
Experiment 1 No Delay,3127,2,5,unique,1
Experiment 1 No Delay,3127,3,1,overlapping,0.75
Experiment 1 No Delay,3127,3,1,unique,1
Experiment 1 No Delay,3127,3,2,overlapping,0.75
Experiment 1 No Delay,3127,3,2,unique,1
Experiment 1 No Delay,3127,3,3,overlapping,1
Experiment 1 No Delay,3127,3,3,unique,1
Experiment 1 No Delay,3127,3,4,overlapping,1
Experiment 1 No Delay,3127,3,4,unique,1
Experiment 1 No Delay,3127,3,5,overlapping,1
Experiment 1 No Delay,3127,3,5,unique,1
Experiment 1 No Delay,3129,1,1,overlapping,0.25
Experiment 1 No Delay,3129,1,1,unique,0.5
Experiment 1 No Delay,3129,1,2,overlapping,1
Experiment 1 No Delay,3129,1,2,unique,0.75
Experiment 1 No Delay,3129,1,3,overlapping,1
Experiment 1 No Delay,3129,1,3,unique,0.75
Experiment 1 No Delay,3129,1,4,overlapping,0.75
Experiment 1 No Delay,3129,1,4,unique,1
Experiment 1 No Delay,3129,1,5,overlapping,1
Experiment 1 No Delay,3129,1,5,unique,0.5
Experiment 1 No Delay,3129,2,1,overlapping,0.5
Experiment 1 No Delay,3129,2,1,unique,0.75
Experiment 1 No Delay,3129,2,2,overlapping,0.75
Experiment 1 No Delay,3129,2,2,unique,1
Experiment 1 No Delay,3129,2,3,overlapping,1
Experiment 1 No Delay,3129,2,3,unique,0.75
Experiment 1 No Delay,3129,2,4,overlapping,0.5
Experiment 1 No Delay,3129,2,4,unique,1
Experiment 1 No Delay,3129,2,5,overlapping,0.75
Experiment 1 No Delay,3129,2,5,unique,1
Experiment 1 No Delay,3129,3,1,overlapping,0.5
Experiment 1 No Delay,3129,3,1,unique,1
Experiment 1 No Delay,3129,3,2,overlapping,0.75
Experiment 1 No Delay,3129,3,2,unique,1
Experiment 1 No Delay,3129,3,3,overlapping,1
Experiment 1 No Delay,3129,3,3,unique,1
Experiment 1 No Delay,3129,3,4,overlapping,0.75
Experiment 1 No Delay,3129,3,4,unique,0.75
Experiment 1 No Delay,3129,3,5,overlapping,1
Experiment 1 No Delay,3129,3,5,unique,1
Experiment 1 No Delay,3133,1,1,overlapping,0.5
Experiment 1 No Delay,3133,1,1,unique,0.5
Experiment 1 No Delay,3133,1,2,overlapping,1
Experiment 1 No Delay,3133,1,2,unique,1
Experiment 1 No Delay,3133,1,3,overlapping,1
Experiment 1 No Delay,3133,1,3,unique,0.75
Experiment 1 No Delay,3133,1,4,overlapping,1
Experiment 1 No Delay,3133,1,4,unique,1
Experiment 1 No Delay,3133,1,5,overlapping,1
Experiment 1 No Delay,3133,1,5,unique,0.75
Experiment 1 No Delay,3133,2,1,overlapping,0.5
Experiment 1 No Delay,3133,2,1,unique,0.75
Experiment 1 No Delay,3133,2,2,overlapping,1
Experiment 1 No Delay,3133,2,2,unique,1
Experiment 1 No Delay,3133,2,3,overlapping,1
Experiment 1 No Delay,3133,2,3,unique,1
Experiment 1 No Delay,3133,2,4,overlapping,0.75
Experiment 1 No Delay,3133,2,4,unique,1
Experiment 1 No Delay,3133,2,5,overlapping,0.75
Experiment 1 No Delay,3133,2,5,unique,1
Experiment 1 No Delay,3133,3,1,overlapping,1
Experiment 1 No Delay,3133,3,1,unique,0.5
Experiment 1 No Delay,3133,3,2,overlapping,1
Experiment 1 No Delay,3133,3,2,unique,1
Experiment 1 No Delay,3133,3,3,overlapping,1
Experiment 1 No Delay,3133,3,3,unique,0.75
Experiment 1 No Delay,3133,3,4,overlapping,1
Experiment 1 No Delay,3133,3,4,unique,0.75
Experiment 1 No Delay,3133,3,5,overlapping,1
Experiment 1 No Delay,3133,3,5,unique,1
Experiment 1 No Delay,3134,1,1,overlapping,0.75
Experiment 1 No Delay,3134,1,1,unique,0.75
Experiment 1 No Delay,3134,1,2,overlapping,0.5
Experiment 1 No Delay,3134,1,2,unique,1
Experiment 1 No Delay,3134,1,3,overlapping,0.75
Experiment 1 No Delay,3134,1,3,unique,1
Experiment 1 No Delay,3134,1,4,overlapping,1
Experiment 1 No Delay,3134,1,4,unique,1
Experiment 1 No Delay,3134,1,5,overlapping,0.75
Experiment 1 No Delay,3134,1,5,unique,1
Experiment 1 No Delay,3134,2,1,overlapping,0.25
Experiment 1 No Delay,3134,2,1,unique,1
Experiment 1 No Delay,3134,2,2,overlapping,1
Experiment 1 No Delay,3134,2,2,unique,1
Experiment 1 No Delay,3134,2,3,overlapping,1
Experiment 1 No Delay,3134,2,3,unique,1
Experiment 1 No Delay,3134,2,4,overlapping,1
Experiment 1 No Delay,3134,2,4,unique,1
Experiment 1 No Delay,3134,2,5,overlapping,1
Experiment 1 No Delay,3134,2,5,unique,1
Experiment 1 No Delay,3134,3,1,overlapping,0.75
Experiment 1 No Delay,3134,3,1,unique,0.5
Experiment 1 No Delay,3134,3,2,overlapping,1
Experiment 1 No Delay,3134,3,2,unique,1
Experiment 1 No Delay,3134,3,3,overlapping,1
Experiment 1 No Delay,3134,3,3,unique,1
Experiment 1 No Delay,3134,3,4,overlapping,1
Experiment 1 No Delay,3134,3,4,unique,1
Experiment 1 No Delay,3134,3,5,overlapping,1
Experiment 1 No Delay,3134,3,5,unique,1
Experiment 1 No Delay,3136,1,1,overlapping,0.75
Experiment 1 No Delay,3136,1,1,unique,0.75
Experiment 1 No Delay,3136,1,2,overlapping,0.75
Experiment 1 No Delay,3136,1,2,unique,0.5
Experiment 1 No Delay,3136,1,3,overlapping,1
Experiment 1 No Delay,3136,1,3,unique,1
Experiment 1 No Delay,3136,1,4,overlapping,1
Experiment 1 No Delay,3136,1,4,unique,1
Experiment 1 No Delay,3136,1,5,overlapping,1
Experiment 1 No Delay,3136,1,5,unique,1
Experiment 1 No Delay,3136,2,1,overlapping,0.5
Experiment 1 No Delay,3136,2,1,unique,0.75
Experiment 1 No Delay,3136,2,2,overlapping,0.75
Experiment 1 No Delay,3136,2,2,unique,1
Experiment 1 No Delay,3136,2,3,overlapping,1
Experiment 1 No Delay,3136,2,3,unique,1
Experiment 1 No Delay,3136,2,4,overlapping,1
Experiment 1 No Delay,3136,2,4,unique,1
Experiment 1 No Delay,3136,2,5,overlapping,1
Experiment 1 No Delay,3136,2,5,unique,1
Experiment 1 No Delay,3136,3,1,overlapping,0.75
Experiment 1 No Delay,3136,3,1,unique,1
Experiment 1 No Delay,3136,3,2,overlapping,1
Experiment 1 No Delay,3136,3,2,unique,1
Experiment 1 No Delay,3136,3,3,overlapping,1
Experiment 1 No Delay,3136,3,3,unique,1
Experiment 1 No Delay,3136,3,4,overlapping,1
Experiment 1 No Delay,3136,3,4,unique,1
Experiment 1 No Delay,3136,3,5,overlapping,1
Experiment 1 No Delay,3136,3,5,unique,1
Experiment 1 No Delay,3137,1,1,overlapping,0.5
Experiment 1 No Delay,3137,1,1,unique,0.5
Experiment 1 No Delay,3137,1,2,overlapping,1
Experiment 1 No Delay,3137,1,2,unique,1
Experiment 1 No Delay,3137,1,3,overlapping,1
Experiment 1 No Delay,3137,1,3,unique,1
Experiment 1 No Delay,3137,1,4,overlapping,1
Experiment 1 No Delay,3137,1,4,unique,1
Experiment 1 No Delay,3137,1,5,overlapping,1
Experiment 1 No Delay,3137,1,5,unique,1
Experiment 1 No Delay,3137,2,1,overlapping,1
Experiment 1 No Delay,3137,2,1,unique,0.75
Experiment 1 No Delay,3137,2,2,overlapping,1
Experiment 1 No Delay,3137,2,2,unique,1
Experiment 1 No Delay,3137,2,3,overlapping,1
Experiment 1 No Delay,3137,2,3,unique,1
Experiment 1 No Delay,3137,2,4,overlapping,1
Experiment 1 No Delay,3137,2,4,unique,1
Experiment 1 No Delay,3137,2,5,overlapping,1
Experiment 1 No Delay,3137,2,5,unique,1
Experiment 1 No Delay,3137,3,1,overlapping,0.75
Experiment 1 No Delay,3137,3,1,unique,1
Experiment 1 No Delay,3137,3,2,overlapping,0.25
Experiment 1 No Delay,3137,3,2,unique,1
Experiment 1 No Delay,3137,3,3,overlapping,0.75
Experiment 1 No Delay,3137,3,3,unique,1
Experiment 1 No Delay,3137,3,4,overlapping,0.75
Experiment 1 No Delay,3137,3,4,unique,1
Experiment 1 No Delay,3137,3,5,overlapping,1
Experiment 1 No Delay,3137,3,5,unique,1
Experiment 1 No Delay,4809,1,1,overlapping,0.25
Experiment 1 No Delay,4809,1,1,unique,0.5
Experiment 1 No Delay,4809,1,2,overlapping,1
Experiment 1 No Delay,4809,1,2,unique,0.75
Experiment 1 No Delay,4809,1,3,overlapping,0.75
Experiment 1 No Delay,4809,1,3,unique,0.75
Experiment 1 No Delay,4809,1,4,overlapping,0.5
Experiment 1 No Delay,4809,1,4,unique,0.75
Experiment 1 No Delay,4809,1,5,overlapping,0.5
Experiment 1 No Delay,4809,1,5,unique,1
Experiment 1 No Delay,4809,2,1,overlapping,0.5
Experiment 1 No Delay,4809,2,1,unique,0.75
Experiment 1 No Delay,4809,2,2,overlapping,0.25
Experiment 1 No Delay,4809,2,2,unique,0.75
Experiment 1 No Delay,4809,2,3,overlapping,0.75
Experiment 1 No Delay,4809,2,3,unique,0.5
Experiment 1 No Delay,4809,2,4,overlapping,0.75
Experiment 1 No Delay,4809,2,4,unique,1
Experiment 1 No Delay,4809,2,5,overlapping,1
Experiment 1 No Delay,4809,2,5,unique,1
Experiment 1 No Delay,4809,3,1,overlapping,0.25
Experiment 1 No Delay,4809,3,1,unique,1
Experiment 1 No Delay,4809,3,2,overlapping,0.5
Experiment 1 No Delay,4809,3,2,unique,0.75
Experiment 1 No Delay,4809,3,3,overlapping,0.75
Experiment 1 No Delay,4809,3,3,unique,1
Experiment 1 No Delay,4809,3,4,overlapping,1
Experiment 1 No Delay,4809,3,4,unique,0.75
Experiment 1 No Delay,4809,3,5,overlapping,0.75
Experiment 1 No Delay,4809,3,5,unique,0.75
Experiment 1 No Delay,6000,1,1,overlapping,0.25
Experiment 1 No Delay,6000,1,1,unique,0.5
Experiment 1 No Delay,6000,1,2,overlapping,1
Experiment 1 No Delay,6000,1,2,unique,1
Experiment 1 No Delay,6000,1,3,overlapping,1
Experiment 1 No Delay,6000,1,3,unique,1
Experiment 1 No Delay,6000,1,4,overlapping,1
Experiment 1 No Delay,6000,1,4,unique,1
Experiment 1 No Delay,6000,1,5,overlapping,1
Experiment 1 No Delay,6000,1,5,unique,0.75
Experiment 1 No Delay,6000,2,1,overlapping,0.25
Experiment 1 No Delay,6000,2,1,unique,0.25
Experiment 1 No Delay,6000,2,2,overlapping,0.75
Experiment 1 No Delay,6000,2,2,unique,1
Experiment 1 No Delay,6000,2,3,overlapping,1
Experiment 1 No Delay,6000,2,3,unique,0.75
Experiment 1 No Delay,6000,2,4,overlapping,1
Experiment 1 No Delay,6000,2,4,unique,1
Experiment 1 No Delay,6000,2,5,overlapping,1
Experiment 1 No Delay,6000,2,5,unique,1
Experiment 1 No Delay,6000,3,1,overlapping,0.75
Experiment 1 No Delay,6000,3,1,unique,1
Experiment 1 No Delay,6000,3,2,overlapping,1
Experiment 1 No Delay,6000,3,2,unique,1
Experiment 1 No Delay,6000,3,3,overlapping,1
Experiment 1 No Delay,6000,3,3,unique,0.75
Experiment 1 No Delay,6000,3,4,overlapping,1
Experiment 1 No Delay,6000,3,4,unique,1
Experiment 1 No Delay,6000,3,5,overlapping,1
Experiment 1 No Delay,6000,3,5,unique,0.75
Experiment 1 No Delay,9002,1,1,overlapping,0.75
Experiment 1 No Delay,9002,1,1,unique,0.75
Experiment 1 No Delay,9002,1,2,overlapping,1
Experiment 1 No Delay,9002,1,2,unique,1
Experiment 1 No Delay,9002,1,3,overlapping,0.75
Experiment 1 No Delay,9002,1,3,unique,0.75
Experiment 1 No Delay,9002,1,4,overlapping,0.5
Experiment 1 No Delay,9002,1,4,unique,0.75
Experiment 1 No Delay,9002,1,5,overlapping,1
Experiment 1 No Delay,9002,1,5,unique,1
Experiment 1 No Delay,9002,2,1,overlapping,0.5
Experiment 1 No Delay,9002,2,1,unique,0.5
Experiment 1 No Delay,9002,2,2,overlapping,0.5
Experiment 1 No Delay,9002,2,2,unique,1
Experiment 1 No Delay,9002,2,3,overlapping,0.75
Experiment 1 No Delay,9002,2,3,unique,1
Experiment 1 No Delay,9002,2,4,overlapping,0.75
Experiment 1 No Delay,9002,2,4,unique,0.75
Experiment 1 No Delay,9002,2,5,overlapping,0.5
Experiment 1 No Delay,9002,2,5,unique,0.75
Experiment 1 No Delay,9002,3,1,overlapping,1
Experiment 1 No Delay,9002,3,1,unique,1
Experiment 1 No Delay,9002,3,2,overlapping,0.5
Experiment 1 No Delay,9002,3,2,unique,0.5
Experiment 1 No Delay,9002,3,3,overlapping,0.5
Experiment 1 No Delay,9002,3,3,unique,1
Experiment 1 No Delay,9002,3,4,overlapping,0.5
Experiment 1 No Delay,9002,3,4,unique,0.5
Experiment 1 No Delay,9002,3,5,overlapping,0.5
Experiment 1 No Delay,9002,3,5,unique,0.75
Experiment 1 No Delay,9003,1,1,overlapping,0.75
Experiment 1 No Delay,9003,1,1,unique,0.5
Experiment 1 No Delay,9003,1,2,overlapping,0.75
Experiment 1 No Delay,9003,1,2,unique,1
Experiment 1 No Delay,9003,1,3,overlapping,1
Experiment 1 No Delay,9003,1,3,unique,0.75
Experiment 1 No Delay,9003,1,4,overlapping,1
Experiment 1 No Delay,9003,1,4,unique,1
Experiment 1 No Delay,9003,1,5,overlapping,1
Experiment 1 No Delay,9003,1,5,unique,1
Experiment 1 No Delay,9003,2,1,overlapping,0.75
Experiment 1 No Delay,9003,2,1,unique,0.5
Experiment 1 No Delay,9003,2,2,overlapping,1
Experiment 1 No Delay,9003,2,2,unique,1
Experiment 1 No Delay,9003,2,3,overlapping,1
Experiment 1 No Delay,9003,2,3,unique,1
Experiment 1 No Delay,9003,2,4,overlapping,1
Experiment 1 No Delay,9003,2,4,unique,1
Experiment 1 No Delay,9003,2,5,overlapping,1
Experiment 1 No Delay,9003,2,5,unique,1
Experiment 1 No Delay,9003,3,1,overlapping,0.75
Experiment 1 No Delay,9003,3,1,unique,1
Experiment 1 No Delay,9003,3,2,overlapping,0.75
Experiment 1 No Delay,9003,3,2,unique,1
Experiment 1 No Delay,9003,3,3,overlapping,0.75
Experiment 1 No Delay,9003,3,3,unique,1
Experiment 1 No Delay,9003,3,4,overlapping,1
Experiment 1 No Delay,9003,3,4,unique,1
Experiment 1 No Delay,9003,3,5,overlapping,1
Experiment 1 No Delay,9003,3,5,unique,1
Experiment 1 No Delay,9004,1,1,overlapping,0.75
Experiment 1 No Delay,9004,1,1,unique,0.5
Experiment 1 No Delay,9004,1,2,overlapping,0.75
Experiment 1 No Delay,9004,1,2,unique,1
Experiment 1 No Delay,9004,1,3,overlapping,1
Experiment 1 No Delay,9004,1,3,unique,0.75
Experiment 1 No Delay,9004,1,4,overlapping,1
Experiment 1 No Delay,9004,1,4,unique,1
Experiment 1 No Delay,9004,1,5,overlapping,1
Experiment 1 No Delay,9004,1,5,unique,0.75
Experiment 1 No Delay,9004,2,1,overlapping,0.75
Experiment 1 No Delay,9004,2,1,unique,1
Experiment 1 No Delay,9004,2,2,overlapping,0.75
Experiment 1 No Delay,9004,2,2,unique,1
Experiment 1 No Delay,9004,2,3,overlapping,0.75
Experiment 1 No Delay,9004,2,3,unique,1
Experiment 1 No Delay,9004,2,4,overlapping,0.5
Experiment 1 No Delay,9004,2,4,unique,1
Experiment 1 No Delay,9004,2,5,overlapping,1
Experiment 1 No Delay,9004,2,5,unique,1
Experiment 1 No Delay,9004,3,1,overlapping,0.5
Experiment 1 No Delay,9004,3,1,unique,1
Experiment 1 No Delay,9004,3,2,overlapping,1
Experiment 1 No Delay,9004,3,2,unique,1
Experiment 1 No Delay,9004,3,3,overlapping,0.75
Experiment 1 No Delay,9004,3,3,unique,1
Experiment 1 No Delay,9004,3,4,overlapping,1
Experiment 1 No Delay,9004,3,4,unique,1
Experiment 1 No Delay,9004,3,5,overlapping,1
Experiment 1 No Delay,9004,3,5,unique,0.75
Experiment 1 No Delay,9005,1,1,overlapping,0.5
Experiment 1 No Delay,9005,1,1,unique,0.25
Experiment 1 No Delay,9005,1,2,overlapping,1
Experiment 1 No Delay,9005,1,2,unique,0.75
Experiment 1 No Delay,9005,1,3,overlapping,1
Experiment 1 No Delay,9005,1,3,unique,0.5
Experiment 1 No Delay,9005,1,4,overlapping,1
Experiment 1 No Delay,9005,1,4,unique,1
Experiment 1 No Delay,9005,1,5,overlapping,1
Experiment 1 No Delay,9005,1,5,unique,1
Experiment 1 No Delay,9005,2,1,overlapping,0.25
Experiment 1 No Delay,9005,2,1,unique,0.75
Experiment 1 No Delay,9005,2,2,overlapping,0.25
Experiment 1 No Delay,9005,2,2,unique,0.75
Experiment 1 No Delay,9005,2,3,overlapping,0.75
Experiment 1 No Delay,9005,2,3,unique,1
Experiment 1 No Delay,9005,2,4,overlapping,1
Experiment 1 No Delay,9005,2,4,unique,1
Experiment 1 No Delay,9005,2,5,overlapping,1
Experiment 1 No Delay,9005,2,5,unique,1
Experiment 1 No Delay,9005,3,1,overlapping,0.25
Experiment 1 No Delay,9005,3,1,unique,0.25
Experiment 1 No Delay,9005,3,2,overlapping,1
Experiment 1 No Delay,9005,3,2,unique,1
Experiment 1 No Delay,9005,3,3,overlapping,0.75
Experiment 1 No Delay,9005,3,3,unique,0.75
Experiment 1 No Delay,9005,3,4,overlapping,1
Experiment 1 No Delay,9005,3,4,unique,0.75
Experiment 1 No Delay,9005,3,5,overlapping,1
Experiment 1 No Delay,9005,3,5,unique,0.75
Experiment 1 No Delay,9007,1,1,overlapping,0.5
Experiment 1 No Delay,9007,1,1,unique,0.75
Experiment 1 No Delay,9007,1,2,overlapping,1
Experiment 1 No Delay,9007,1,2,unique,0.75
Experiment 1 No Delay,9007,1,3,overlapping,1
Experiment 1 No Delay,9007,1,3,unique,0.75
Experiment 1 No Delay,9007,1,4,overlapping,1
Experiment 1 No Delay,9007,1,4,unique,1
Experiment 1 No Delay,9007,1,5,overlapping,1
Experiment 1 No Delay,9007,1,5,unique,0.5
Experiment 1 No Delay,9007,2,1,overlapping,0.5
Experiment 1 No Delay,9007,2,1,unique,0.75
Experiment 1 No Delay,9007,2,2,overlapping,0.75
Experiment 1 No Delay,9007,2,2,unique,1
Experiment 1 No Delay,9007,2,3,overlapping,1
Experiment 1 No Delay,9007,2,3,unique,1
Experiment 1 No Delay,9007,2,4,overlapping,1
Experiment 1 No Delay,9007,2,4,unique,0.5
Experiment 1 No Delay,9007,2,5,overlapping,0.75
Experiment 1 No Delay,9007,2,5,unique,1
Experiment 1 No Delay,9007,3,1,overlapping,0.75
Experiment 1 No Delay,9007,3,1,unique,0.75
Experiment 1 No Delay,9007,3,2,overlapping,1
Experiment 1 No Delay,9007,3,2,unique,1
Experiment 1 No Delay,9007,3,3,overlapping,1
Experiment 1 No Delay,9007,3,3,unique,1
Experiment 1 No Delay,9007,3,4,overlapping,1
Experiment 1 No Delay,9007,3,4,unique,1
Experiment 1 No Delay,9007,3,5,overlapping,1
Experiment 1 No Delay,9007,3,5,unique,1